Date,Open,High,Low,Close,Adj Close,Volume
2017-07-31,3722.428,3746.521,3713.655,3737.873,3737.873,14842903900.0
2017-08-01,3738.736,3770.404,3737.095,3770.383,3770.383,15254653900.0
2017-08-02,3768.194,3784.351,3759.276,3760.853,3760.853,17229338300.0
2017-08-03,3755.108,3766.345,3718.435,3727.826,3727.826,14615394400.0
2017-08-04,3724.723,3738.731,3707.003,3707.58,3707.58,15747006000.0
2017-08-07,3701.216,3730.777,3689.955,3726.795,3726.795,12423153000.0
2017-08-08,3724.329,3737.334,3718.812,3732.213,3732.213,13724192800.0
2017-08-09,3728.032,3738.999,3713.567,3731.044,3731.044,12467998900.0
2017-08-10,3724.962,3746.861,3688.177,3715.921,3715.921,13008512800.0
2017-08-11,3687.931,3700.494,3645.095,3647.35,3647.35,15038742100.0
2017-08-14,3651.375,3698.366,3651.375,3694.683,3694.683,11530845100.0
2017-08-15,3695.78,3719.293,3692.28,3706.057,3706.057,10644485700.0
2017-08-16,3701.134,3707.144,3679.734,3701.421,3701.421,10413414100.0
2017-08-17,3707.067,3722.624,3704.413,3721.277,3721.277,10865625100.0
2017-08-18,3707.189,3733.491,3700.411,3724.675,3724.675,9656170500.0
2017-08-21,3731.84,3744.263,3728.616,3740.994,3740.994,10031307300.0
2017-08-22,3745.754,3758.292,3734.556,3752.298,3752.298,10029285600.0
2017-08-23,3747.611,3772.457,3741.72,3756.088,3756.088,10496157300.0
2017-08-24,3755.89,3765.708,3729.088,3734.646,3734.646,8994737200.0
2017-08-25,3736.292,3795.969,3736.292,3795.754,3795.754,12994090000.0
2017-08-28,3805.657,3866.942,3805.657,3842.712,3842.712,18557632500.0
2017-08-29,3839.178,3847.93,3825.76,3834.538,3834.538,12822707000.0
2017-08-30,3834.268,3854.706,3827.861,3834.301,3834.301,14135285700.0
2017-08-31,3835.839,3840.199,3800.886,3822.093,3822.093,13294493500.0
2017-09-01,3825.339,3843.618,3818.159,3830.538,3830.538,15864551100.0
2017-09-04,3828.545,3847.091,3813.554,3845.616,3845.616,14956632000.0
2017-09-05,3845.545,3865.294,3841.951,3857.046,3857.046,12496415500.0
2017-09-06,3846.747,3858.248,3831.384,3849.45,3849.45,13139872300.0
2017-09-07,3851.688,3858.162,3828.835,3829.871,3829.871,12388418100.0
2017-09-08,3830.071,3843.019,3813.983,3825.99,3825.99,10603650400.0
2017-09-11,3828.342,3850.741,3817.511,3825.645,3825.645,12388399700.0
2017-09-12,3832.242,3849.389,3822.004,3837.934,3837.934,14419024200.0
2017-09-13,3835.549,3847.784,3822.944,3842.606,3842.606,9541078500.0
2017-09-14,3843.572,3854.493,3820.088,3829.955,3829.955,11535858300.0
2017-09-15,3826.145,3843.297,3818.523,3831.297,3831.297,12242700600.0
2017-09-18,3832.963,3862.359,3832.963,3843.143,3843.143,11793440500.0
2017-09-19,3849.879,3857.303,3820.289,3832.116,3832.116,11243298700.0
2017-09-20,3830.155,3850.943,3827.886,3842.435,3842.435,10112954200.0
2017-09-21,3843.258,3860.798,3837.384,3837.818,3837.818,11109819200.0
2017-09-22,3826.459,3842.252,3816.823,3837.73,3837.73,10061980200.0
2017-09-25,3829.219,3835.389,3811.119,3817.792,3817.792,10394897600.0
2017-09-26,3810.333,3821.693,3808.383,3820.782,3820.782,8186940700.0
2017-09-27,3818.965,3832.566,3818.815,3821.2,3821.2,8565581100.0
2017-09-28,3821.59,3827.331,3813.753,3822.539,3822.539,9354406900.0
2017-09-29,3825.202,3852.224,3825.202,3836.501,3836.501,9330602800.0
2017-10-09,3910.115,3918.839,3876.032,3882.208,3882.208,13553585100.0
2017-10-10,3883.004,3900.742,3855.467,3889.864,3889.864,11253258600.0
2017-10-11,3886.818,3913.07,3885.497,3902.687,3902.687,10441815100.0
2017-10-12,3902.016,3917.444,3897.547,3912.954,3912.954,9434092100.0
2017-10-13,3912.975,3927.174,3908.889,3921.002,3921.002,9014206800.0
2017-10-16,3926.275,3947.424,3913.322,3913.446,3913.446,12135503300.0
2017-10-17,3910.789,3924.614,3900.476,3913.069,3913.069,8224122700.0
2017-10-18,3914.815,3944.411,3914.815,3944.163,3944.163,10096984100.0
2017-10-19,3940.583,3944.035,3923.646,3931.25,3931.25,10652725200.0
2017-10-20,3918.527,3928.961,3910.197,3926.852,3926.852,7298018000.0
2017-10-23,3930.891,3936.273,3920.656,3930.798,3930.798,8148498000.0
2017-10-24,3926.23,3959.495,3922.029,3959.395,3959.395,9305815400.0
2017-10-25,3958.167,3978.089,3954.001,3976.949,3976.949,8820545800.0
2017-10-26,3980.048,4013.599,3973.554,3993.575,3993.575,12989546500.0
2017-10-27,3992.554,4024.465,3991.354,4021.968,4021.968,12667284600.0
2017-10-30,4022.164,4033.339,3960.27,4009.722,4009.722,15738760300.0
2017-10-31,3995.394,4009.283,3983.257,4006.718,4006.718,10917877900.0
2017-11-01,4007.912,4032.458,3991.324,3996.622,3996.622,13041738000.0
2017-11-02,3994.095,3999.226,3971.376,3997.134,3997.134,12610057900.0
2017-11-03,3992.35,3999.337,3963.026,3992.698,3992.698,12940443900.0
2017-11-06,3989.182,4021.638,3975.407,4020.89,4020.89,12208115900.0
2017-11-07,4022.402,4064.218,4021.364,4054.247,4054.247,15211666300.0
2017-11-08,4051.494,4089.146,4040.577,4048.006,4048.006,15082771900.0
2017-11-09,4043.066,4076.61,4038.4,4075.9,4075.9,12105633500.0
2017-11-10,4070.276,4116.714,4067.657,4111.911,4111.911,14181716500.0
2017-11-13,4115.551,4137.646,4115.551,4128.073,4128.073,15144630900.0
2017-11-14,4129.274,4133.546,4086.89,4099.351,4099.351,14323693600.0
2017-11-15,4084.213,4102.807,4055.717,4073.67,4073.67,12063569600.0
2017-11-16,4063.494,4107.617,4062.273,4105.012,4105.012,12138441400.0
2017-11-17,4094.079,4122.376,4081.372,4120.851,4120.851,19178411900.0
2017-11-20,4093.734,4144.514,4060.964,4143.833,4143.833,13744725800.0
2017-11-21,4131.848,4220.264,4129.978,4217.702,4217.702,18035082100.0
2017-11-22,4228.372,4260.64,4191.145,4227.567,4227.567,18647700300.0
2017-11-23,4213.378,4214.19,4086.902,4102.397,4102.397,17814722800.0
2017-11-24,4089.472,4116.594,4057.489,4104.203,4104.203,13085804000.0
2017-11-27,4088.932,4088.932,4037.146,4049.948,4049.948,14345526800.0
2017-11-28,4034.206,4056.475,4010.296,4055.824,4055.824,10205809500.0
2017-11-29,4061.355,4069.242,4004.687,4053.753,4053.753,12455364200.0
2017-11-30,4034.009,4052.797,3988.002,4006.099,4006.099,10798334500.0
2017-12-01,4003.56,4027.106,3984.378,3998.137,3998.137,9738691300.0
2017-12-04,3989.047,4032.986,3982.318,4018.857,4018.857,10264721900.0
2017-12-05,4007.936,4045.933,4006.543,4040.17,4040.17,15408707600.0
2017-12-06,4027.123,4031.753,3964.809,4015.821,4015.821,10928620500.0
2017-12-07,4003.583,4017.947,3955.994,3971.057,3971.057,9025404500.0
2017-12-08,3962.829,4014.139,3955.44,4003.379,4003.379,8928286100.0
2017-12-11,4006.878,4069.5,4005.269,4069.5,4069.5,9714894600.0
2017-12-12,4068.505,4070.15,4015.455,4016.016,4016.016,8433871800.0
2017-12-13,4013.832,4052.688,4004.744,4050.093,4050.093,7754613100.0
2017-12-14,4050.903,4057.625,4013.855,4026.152,4026.152,8076886200.0
2017-12-15,4018.731,4020.267,3974.928,3980.856,3980.856,8904438900.0
2017-12-18,3983.297,4008.069,3967.934,3985.291,3985.291,7785337500.0
2017-12-19,3985.823,4035.63,3985.823,4035.329,4035.329,7752898500.0
2017-12-20,4036.019,4044.849,4015.629,4030.49,4030.49,9060450300.0
2017-12-21,4023.076,4080.781,4014.653,4067.849,4067.849,9683608900.0
2017-12-22,4064.913,4076.803,4048.491,4054.598,4054.598,7347368400.0
2017-12-25,4057.417,4086.934,4026.45,4041.54,4041.54,9192696200.0
2017-12-26,4040.617,4056.855,4015.3,4053.622,4053.622,9111879000.0
2017-12-27,4045.279,4047.737,3986.739,3991.208,3991.208,10515357700.0
2017-12-28,3992.997,4036.698,3980.236,4018.897,4018.897,11854288600.0
2017-12-29,4022.883,4043.14,4012.875,4030.855,4030.855,9048668300.0
2018-01-02,4045.209,4087.779,4045.209,4087.401,4087.401,14693543500.0
2018-01-03,4091.461,4140.054,4088.73,4111.393,4111.393,15185221800.0
2018-01-04,4114.121,4137.642,4105.886,4128.812,4128.812,13454379400.0
2018-01-05,4133.344,4151.282,4123.282,4138.751,4138.751,14900987200.0
2018-01-08,4140.855,4166.318,4127.308,4160.16,4160.16,17387766600.0
2018-01-09,4157.539,4191.284,4153.502,4189.298,4189.298,13903429400.0
2018-01-10,4187.204,4211.055,4175.136,4207.813,4207.813,15112166600.0
2018-01-11,4197.114,4211.799,4181.957,4205.586,4205.586,12157853900.0
2018-01-12,4205.144,4227.392,4199.025,4225.001,4225.001,11135479400.0
2018-01-15,4229.836,4262.931,4216.359,4225.239,4225.239,17090789700.0
2018-01-16,4215.625,4260.212,4213.128,4258.473,4258.473,16149496300.0
2018-01-17,4261.783,4283.345,4230.537,4248.116,4248.116,21431103200.0
2018-01-18,4259.375,4292.637,4246.684,4271.417,4271.417,17203284600.0
2018-01-19,4281.937,4316.571,4269.617,4285.395,4285.395,20949057000.0
2018-01-22,4276.481,4338.483,4275.898,4336.597,4336.597,17464319500.0
2018-01-23,4346.889,4383.572,4346.793,4382.613,4382.613,20186758500.0
2018-01-24,4389.455,4397.82,4349.087,4389.885,4389.885,21981888900.0
2018-01-25,4381.977,4392.196,4336.239,4365.079,4365.079,19537495000.0
2018-01-26,4352.221,4403.338,4351.487,4381.3,4381.3,17722723700.0
2018-01-29,4387.058,4395.905,4287.112,4302.018,4302.018,19110035400.0
2018-01-30,4286.683,4308.512,4251.571,4256.102,4256.102,13903473000.0
2018-01-31,4234.11,4287.858,4232.773,4275.899,4275.899,14521016400.0
2018-02-01,4276.343,4287.389,4214.291,4245.898,4245.898,19000293400.0
2018-02-02,4213.939,4271.765,4181.779,4271.233,4271.233,14606682700.0
2018-02-05,4204.458,4274.146,4200.141,4274.146,4274.146,16134779900.0
2018-02-06,4182.326,4211.523,4131.556,4148.886,4148.886,21491045000.0
2018-02-07,4205.737,4212.568,4048.423,4050.497,4050.497,20312749300.0
2018-02-08,4022.88,4071.665,3974.678,4012.047,4012.047,15926998500.0
2018-02-09,3896.169,3911.292,3759.146,3840.653,3840.653,20634982800.0
2018-02-12,3846.267,3907.843,3828.07,3890.105,3890.105,11618263700.0
2018-02-13,3925.596,3986.981,3925.596,3935.632,3935.632,11256588500.0
2018-02-14,3945.094,3971.404,3923.127,3966.961,3966.961,7108133800.0
2018-02-22,4020.973,4058.788,4009.92,4052.733,4052.733,10581157100.0
2018-02-23,4061.755,4085.201,4035.232,4071.089,4071.089,9945874600.0
2018-02-26,4093.399,4128.744,4048.983,4118.419,4118.419,13788100100.0
2018-02-27,4120.871,4120.871,4051.805,4058.981,4058.981,12593447000.0
2018-02-28,4016.791,4051.712,3991.706,4023.642,4023.642,10934359300.0
2018-03-01,3994.869,4061.033,3986.895,4049.086,4049.086,11019985200.0
2018-03-02,4014.951,4044.418,4006.944,4016.461,4016.461,9616500000.0
2018-03-05,4021.658,4042.835,3995.872,4018.097,4018.097,8795254800.0
2018-03-06,4034.985,4067.553,3998.932,4066.565,4066.565,13876244400.0
2018-03-07,4063.503,4089.696,4027.936,4036.654,4036.654,10695242600.0
2018-03-08,4038.953,4078.226,4029.714,4077.6,4077.6,9115581000.0
2018-03-09,4088.07,4110.674,4076.454,4108.865,4108.865,11370180800.0
2018-03-12,4130.708,4139.526,4112.766,4127.666,4127.666,14090673900.0
2018-03-13,4124.331,4130.283,4087.563,4091.253,4091.253,11176643000.0
2018-03-14,4076.063,4089.094,4066.49,4073.345,4073.345,9901340900.0
2018-03-15,4058.706,4098.989,4058.706,4096.163,4096.163,8816115600.0
2018-03-16,4096.886,4110.045,4055.822,4056.423,4056.423,8489618800.0
2018-03-19,4054.617,4074.518,4033.522,4074.248,4074.248,8150288200.0
2018-03-20,4045.743,4080.193,4040.308,4077.704,4077.704,8060528000.0
2018-03-21,4097.024,4110.116,4046.241,4061.05,4061.05,9760948800.0
2018-03-22,4062.067,4072.377,4003.721,4020.349,4020.349,8909525900.0
2018-03-23,3896.736,3928.511,3834.937,3904.936,3904.936,18008044900.0
2018-03-26,3862.695,3883.901,3829.916,3879.893,3879.893,11513912800.0
2018-03-27,3927.492,3936.778,3881.873,3913.269,3913.269,11370071100.0
2018-03-28,3865.045,3907.281,3835.883,3842.716,3842.716,10149490800.0
2018-03-29,3854.591,3913.958,3794.262,3894.05,3894.05,11662906600.0
2018-03-30,3893.747,3915.347,3879.213,3898.498,3898.498,9751227000.0
2018-04-02,3897.005,3937.018,3882.886,3886.919,3886.919,11124266600.0
2018-04-03,3850.155,3878.15,3839.933,3862.48,3862.48,9513736900.0
2018-04-04,3873.627,3898.613,3852.496,3854.863,3854.863,8873060900.0
2018-04-09,3851.955,3870.674,3827.413,3852.929,3852.929,8410546200.0
2018-04-10,3860.723,3927.425,3851.796,3927.173,3927.173,10617372200.0
2018-04-11,3934.17,3958.707,3924.96,3938.343,3938.343,11193302100.0
2018-04-12,3935.673,3937.784,3896.179,3898.635,3898.635,8269949000.0
2018-04-13,3920.738,3929.952,3866.186,3871.144,3871.144,7154420300.0
2018-04-16,3862.474,3869.156,3789.612,3808.863,3808.863,9921777000.0
2018-04-17,3812.875,3822.626,3745.444,3748.641,3748.641,9061079000.0
2018-04-18,3785.306,3789.659,3708.107,3766.282,3766.282,10667670600.0
2018-04-19,3774.784,3824.032,3767.797,3811.843,3811.843,9905406000.0
2018-04-20,3801.208,3815.444,3750.103,3760.854,3760.854,9928292500.0
2018-04-23,3754.69,3787.395,3735.184,3766.326,3766.326,9035629100.0
2018-04-24,3769.879,3854.429,3769.879,3843.489,3843.489,11421952500.0
2018-04-25,3824.593,3838.692,3817.032,3828.702,3828.702,7817261200.0
2018-04-26,3823.392,3828.713,3744.885,3755.494,3755.494,8715064100.0
2018-04-27,3771.037,3776.975,3714.644,3756.877,3756.877,8953172600.0
2018-05-02,3769.925,3787.303,3744.548,3763.646,3763.646,8330103500.0
2018-05-03,3756.166,3797.527,3732.372,3793.0,3793.0,9396111800.0
2018-05-04,3784.316,3801.524,3770.939,3774.598,3774.598,7155428800.0
2018-05-07,3782.54,3834.587,3776.03,3834.188,3834.188,8728619500.0
2018-05-08,3834.614,3892.073,3833.729,3878.677,3878.677,9421515700.0
2018-05-09,3876.13,3878.938,3855.739,3871.615,3871.615,6671296600.0
2018-05-10,3882.836,3894.49,3867.308,3893.057,3893.057,7066780900.0
2018-05-11,3902.148,3903.338,3871.952,3872.838,3872.838,7335660400.0
2018-05-14,3886.874,3919.3,3886.874,3909.293,3909.293,8197599900.0
2018-05-15,3920.14,3924.343,3892.92,3924.098,3924.098,7604955500.0
2018-05-16,3909.818,3923.343,3889.188,3892.844,3892.844,7191364600.0
2018-05-17,3895.49,3899.514,3858.853,3864.051,3864.051,5903012300.0
2018-05-18,3860.164,3903.064,3841.896,3903.064,3903.064,7261395600.0
2018-05-21,3925.539,3937.461,3913.605,3921.242,3921.242,9264173700.0
2018-05-22,3918.815,3918.815,3881.169,3906.208,3906.208,7536877800.0
2018-05-23,3898.268,3898.268,3854.583,3854.583,3854.583,8372231900.0
2018-05-24,3853.292,3859.103,3823.924,3827.217,3827.217,6834502200.0
2018-05-25,3823.745,3841.124,3804.135,3816.498,3816.498,7083638600.0
2018-05-28,3816.265,3846.553,3799.321,3833.26,3833.26,7152113200.0
2018-05-29,3824.191,3841.779,3800.675,3804.009,3804.009,8155266200.0
2018-05-30,3755.176,3767.887,3722.072,3723.372,3723.372,8791328500.0
2018-05-31,3749.295,3804.792,3742.529,3802.376,3802.376,9266689400.0
2018-06-01,3789.672,3802.537,3753.84,3770.589,3770.589,7782181300.0
2018-06-04,3785.187,3813.407,3776.619,3807.578,3807.578,7662434100.0
2018-06-05,3811.285,3845.565,3800.926,3845.316,3845.316,7868736000.0
2018-06-06,3839.683,3848.33,3830.896,3837.351,3837.351,7311723700.0
2018-06-07,3846.937,3859.848,3827.687,3831.013,3831.013,8025614700.0
2018-06-08,3819.448,3819.461,3759.272,3779.616,3779.616,8333733500.0
2018-06-11,3770.208,3792.548,3756.515,3779.982,3779.982,6870983400.0
2018-06-12,3783.186,3830.471,3765.264,3825.953,3825.953,7320624400.0
2018-06-13,3814.617,3817.453,3782.073,3788.339,3788.339,6637797000.0
2018-06-14,3774.64,3808.162,3759.248,3773.366,3773.366,6847132200.0
2018-06-15,3763.041,3780.337,3737.428,3753.434,3753.434,8548889300.0
2018-06-19,3702.668,3712.816,3583.021,3621.117,3621.117,16070654200.0
2018-06-20,3602.551,3649.336,3578.174,3635.444,3635.444,8671809800.0
2018-06-21,3633.556,3673.563,3589.49,3592.965,3592.965,9390855200.0
2018-06-22,3567.894,3609.075,3542.456,3608.905,3608.905,7511786400.0
2018-06-25,3625.798,3631.025,3559.034,3560.478,3560.478,7987707800.0
2018-06-26,3521.588,3541.782,3478.213,3531.111,3531.111,8498526900.0
2018-06-27,3525.132,3537.657,3441.785,3459.262,3459.262,8149181700.0
2018-06-28,3434.944,3477.057,3416.948,3423.526,3423.526,7591805100.0
2018-06-29,3431.962,3512.383,3425.216,3510.985,3510.985,7725703100.0
2018-07-02,3504.457,3506.9,3383.501,3407.964,3407.964,8435144900.0
2018-07-03,3410.477,3422.04,3319.289,3409.28,3409.28,9527869300.0
2018-07-04,3398.779,3418.331,3359.086,3363.747,3363.747,7515799700.0
2018-07-05,3365.555,3398.485,3330.711,3342.438,3342.438,8158798100.0
2018-07-06,3347.062,3396.246,3295.73,3365.123,3365.123,8609757900.0
2018-07-09,3378.906,3459.315,3378.906,3459.184,3459.184,7660154500.0
2018-07-10,3464.906,3474.14,3437.271,3467.516,3467.516,6954882300.0
2018-07-11,3398.927,3427.571,3375.144,3407.53,3407.53,7204095000.0
2018-07-12,3403.33,3499.097,3403.33,3481.056,3481.056,9635356400.0
2018-07-13,3488.497,3499.764,3474.912,3492.69,3492.69,7295589700.0
2018-07-16,3488.967,3506.236,3459.731,3472.086,3472.086,6828199900.0
2018-07-17,3466.424,3467.185,3420.971,3449.377,3449.377,6198307600.0
2018-07-18,3456.607,3479.264,3430.156,3431.323,3431.323,6653033000.0
2018-07-19,3444.803,3466.506,3417.963,3428.343,3428.343,6847771600.0
2018-07-20,3426.456,3505.928,3398.953,3492.894,3492.894,10198472700.0
2018-07-23,3471.856,3527.534,3464.648,3525.75,3525.75,11903662700.0
2018-07-24,3530.664,3596.513,3530.664,3581.706,3581.706,15691243500.0
2018-07-25,3589.506,3589.984,3566.314,3577.752,3577.752,9675850100.0
2018-07-26,3583.317,3593.923,3528.644,3536.246,3536.246,9034964100.0
2018-07-27,3533.771,3545.406,3512.703,3521.227,3521.227,7017810400.0
2018-07-30,3520.854,3550.902,3489.549,3515.079,3515.079,8211699500.0
2018-07-31,3510.474,3528.154,3493.155,3517.657,3517.657,6798081700.0
2018-08-01,3530.03,3543.606,3446.777,3447.388,3447.388,9034861700.0
2018-08-02,3434.352,3434.352,3322.096,3370.958,3370.958,10130872700.0
2018-08-03,3366.664,3381.342,3315.201,3315.284,3315.284,7079691000.0
2018-08-06,3312.815,3344.246,3257.686,3273.273,3273.273,7797508300.0
2018-08-07,3284.979,3368.962,3263.499,3368.87,3368.87,9178391600.0
2018-08-08,3362.149,3368.16,3311.769,3314.508,3314.508,7928486500.0
2018-08-09,3303.477,3408.391,3299.616,3397.53,3397.53,9195757200.0
2018-08-10,3398.414,3424.041,3380.573,3405.019,3405.019,6896729900.0
2018-08-13,3369.981,3396.188,3336.696,3390.344,3390.344,7619153200.0
2018-08-14,3386.483,3391.729,3356.614,3372.914,3372.914,6065144600.0
2018-08-15,3371.959,3372.137,3288.709,3291.976,3291.976,6817405500.0
2018-08-16,3251.856,3315.203,3231.556,3276.728,3276.728,7654736600.0
2018-08-17,3305.895,3311.573,3224.1,3229.62,3229.62,6739541300.0
2018-08-20,3238.215,3267.25,3209.012,3267.25,3267.25,7090422800.0
2018-08-21,3271.84,3331.708,3270.03,3326.649,3326.649,7520558300.0
2018-08-22,3328.969,3328.969,3299.394,3307.955,3307.955,5078705700.0
2018-08-23,3308.459,3336.112,3285.814,3320.026,3320.026,6111233400.0
2018-08-24,3308.478,3353.045,3291.865,3325.335,3325.335,6376589700.0
2018-08-27,3339.389,3406.574,3339.265,3406.574,3406.574,9427008200.0
2018-08-28,3408.15,3416.593,3388.814,3400.171,3400.171,7544536300.0
2018-08-29,3393.053,3398.714,3377.123,3386.574,3386.574,6702040400.0
2018-08-30,3385.805,3402.563,3349.469,3351.094,3351.094,6838529000.0
2018-08-31,3333.38,3356.576,3310.873,3334.504,3334.504,7620563000.0
2018-09-03,3320.69,3325.607,3291.784,3321.825,3321.825,6642985500.0
2018-09-04,3324.186,3370.963,3307.959,3363.898,3363.898,6708880700.0
2018-09-05,3349.698,3354.199,3298.141,3298.141,3298.141,6430188800.0
2018-09-06,3286.665,3311.497,3253.755,3262.881,3262.881,6230028800.0
2018-09-07,3273.891,3316.615,3253.725,3277.644,3277.644,6394740800.0
2018-09-10,3271.382,3277.884,3227.848,3230.068,3230.068,6381705100.0
2018-09-11,3229.705,3245.617,3209.112,3224.212,3224.212,5849130500.0
2018-09-12,3216.991,3225.601,3194.979,3202.025,3202.025,5462789900.0
2018-09-13,3239.685,3249.593,3191.398,3236.566,3236.566,6729032700.0
2018-09-14,3242.831,3254.104,3227.944,3242.09,3242.09,6013064000.0
2018-09-17,3224.927,3230.788,3200.51,3204.922,3204.922,5225954700.0
2018-09-18,3193.642,3270.107,3193.642,3269.432,3269.432,7042503500.0
2018-09-19,3261.997,3335.991,3258.31,3312.482,3312.482,8917066600.0
2018-09-20,3314.876,3332.309,3303.073,3310.126,3310.126,6456105700.0
2018-09-21,3320.696,3410.486,3307.767,3410.486,3410.486,10841600500.0
2018-09-25,3375.972,3394.377,3367.025,3379.804,3379.804,6905469300.0
2018-09-26,3388.558,3448.26,3383.235,3417.241,3417.241,9317334300.0
2018-09-27,3415.953,3423.71,3394.732,3403.59,3403.59,6976524100.0
2018-09-28,3409.96,3444.988,3404.697,3438.865,3438.865,8437775600.0
2018-10-08,3361.559,3364.464,3285.253,3290.899,3290.899,9788898900.0
2018-10-09,3290.171,3309.798,3276.132,3288.691,3288.691,6672327400.0
2018-10-10,3295.429,3315.731,3256.582,3281.598,3281.598,6449282800.0
2018-10-11,3179.541,3209.52,3099.04,3124.114,3124.114,12094134200.0
2018-10-12,3123.372,3184.122,3094.966,3170.726,3170.726,9861115100.0
2018-10-15,3173.847,3183.13,3120.231,3126.452,3126.452,6960502300.0
2018-10-16,3128.576,3166.092,3089.367,3100.974,3100.974,6888772100.0
2018-10-17,3140.684,3149.134,3062.554,3118.246,3118.246,7683713800.0
2018-10-18,3097.79,3097.79,3043.382,3044.392,3044.392,7377196800.0
2018-10-19,3017.749,3137.748,3009.498,3134.946,3134.946,9883968800.0
2018-10-22,3159.561,3297.38,3159.561,3270.273,3270.273,14586204500.0
2018-10-23,3273.127,3276.021,3163.57,3183.426,3183.426,12101324100.0
2018-10-24,3169.457,3245.397,3164.293,3188.202,3188.202,11090974400.0
2018-10-25,3107.84,3197.321,3099.889,3194.308,3194.308,10695181700.0
2018-10-26,3204.285,3218.102,3151.924,3173.635,3173.635,10129935400.0
2018-10-29,3157.488,3158.811,3062.58,3076.889,3076.889,9183978900.0
2018-10-30,3061.93,3146.628,3050.771,3110.261,3110.261,11607010100.0
2018-10-31,3116.658,3168.919,3106.028,3153.823,3153.823,11120745500.0
2018-11-01,3185.202,3217.803,3173.099,3177.034,3177.034,13265337900.0
2018-11-02,3258.609,3290.246,3222.435,3290.246,3290.246,15346610400.0
2018-11-05,3269.47,3279.878,3230.363,3262.835,3262.835,10970668300.0
2018-11-06,3254.978,3254.978,3213.895,3243.15,3243.15,8386913800.0
2018-11-07,3243.878,3270.5,3218.422,3221.91,3221.91,9161552800.0
2018-11-08,3251.728,3253.574,3207.708,3212.774,3212.774,7641454000.0
2018-11-09,3193.304,3193.304,3166.311,3167.444,3167.444,8428276200.0
2018-11-12,3160.247,3206.513,3152.44,3205.141,3205.141,8806239100.0
2018-11-13,3164.922,3254.768,3161.098,3237.382,3237.382,12649346400.0
2018-11-14,3233.641,3239.245,3200.229,3204.943,3204.943,11380865900.0
2018-11-15,3201.281,3242.384,3198.781,3242.372,3242.372,9855881000.0
2018-11-16,3242.879,3282.39,3223.722,3257.674,3257.674,12687683500.0
2018-11-19,3258.792,3294.603,3251.067,3294.603,3294.603,11595659500.0
2018-11-20,3268.077,3278.785,3213.683,3218.408,3218.408,10936115400.0
2018-11-21,3187.103,3230.258,3185.239,3226.492,3226.492,8411972600.0
2018-11-22,3232.973,3235.452,3199.698,3214.427,3214.427,6509829100.0
2018-11-23,3208.593,3212.195,3139.386,3143.475,3143.475,8463825500.0
2018-11-26,3148.672,3169.442,3131.636,3141.243,3141.243,5937914000.0
2018-11-27,3152.774,3162.012,3126.289,3137.241,3137.241,5540783200.0
2018-11-28,3137.748,3179.411,3126.618,3178.933,3178.933,7488195500.0
2018-11-29,3198.826,3204.857,3137.654,3137.654,3137.654,8049846600.0
2018-11-30,3136.196,3175.154,3132.423,3172.69,3172.69,7092104400.0
2018-12-03,3260.686,3273.64,3228.361,3260.95,3260.95,12148715700.0
2018-12-04,3256.228,3267.94,3243.695,3267.71,3267.71,7941503900.0
2018-12-05,3224.256,3266.904,3219.979,3252.004,3252.004,7615305200.0
2018-12-06,3218.113,3223.522,3179.895,3181.673,3181.673,7632877100.0
2018-12-07,3187.492,3193.819,3176.706,3181.565,3181.565,5336192400.0
2018-12-10,3153.523,3170.152,3134.385,3144.763,3144.763,6343727300.0
2018-12-11,3148.226,3161.956,3143.607,3159.816,3159.816,5322387700.0
2018-12-12,3181.566,3182.211,3160.278,3170.609,3170.609,5330991400.0
2018-12-13,3178.891,3234.082,3169.423,3219.692,3219.692,9044275500.0
2018-12-14,3207.348,3210.722,3165.911,3165.911,3165.911,8430125000.0
2018-12-17,3158.284,3167.513,3134.365,3161.197,3161.197,6649700700.0
2018-12-18,3139.949,3165.002,3114.468,3128.427,3128.427,6382031900.0
2018-12-19,3133.742,3137.01,3086.758,3091.126,3091.126,5552229900.0
2018-12-20,3083.544,3097.72,3044.293,3067.417,3067.417,6974946300.0
2018-12-21,3055.326,3057.401,3007.61,3029.395,3029.395,7675810100.0
2018-12-24,3015.497,3040.352,3007.329,3038.198,3038.198,5729961500.0
2018-12-25,3006.879,3030.142,2964.875,3017.282,3017.282,7868942500.0
2018-12-26,3012.869,3029.061,2996.483,3002.033,3002.033,5564703200.0
2018-12-27,3042.949,3047.235,2990.506,2990.506,2990.506,8054178500.0
2018-12-28,2994.795,3024.353,2984.818,3010.654,3010.654,7105377900.0
2019-01-02,3017.067,3018.776,2958.488,2969.535,2969.535,6866302100.0
2019-01-03,2963.019,3000.441,2953.255,2964.842,2964.842,7086710300.0
2019-01-04,2940.192,3036.815,2935.83,3035.874,3035.874,10331897200.0
2019-01-07,3055.154,3061.749,3035.912,3054.303,3054.303,10116435900.0
2019-01-08,3049.875,3055.51,3038.534,3047.704,3047.704,8617058500.0
2019-01-09,3065.231,3117.961,3062.847,3078.476,3078.476,10736435000.0
2019-01-10,3077.482,3092.541,3062.572,3072.686,3072.686,8527175600.0
2019-01-11,3082.262,3102.833,3071.026,3094.778,3094.778,7178642400.0
2019-01-14,3092.498,3097.406,3064.383,3067.785,3067.785,6612170200.0
2019-01-15,3071.519,3129.371,3064.671,3127.99,3127.99,8877296200.0
2019-01-16,3126.135,3135.012,3117.293,3128.652,3128.652,8021434100.0
2019-01-17,3132.629,3141.71,3110.061,3111.417,3111.417,8017487100.0
2019-01-18,3124.503,3171.686,3120.346,3168.174,3168.174,10396383400.0
2019-01-21,3170.877,3199.213,3170.877,3185.636,3185.636,9391502200.0
2019-01-22,3181.949,3181.949,3135.338,3143.317,3143.317,7299052800.0
2019-01-23,3136.096,3157.627,3131.867,3141.053,3141.053,5987047800.0
2019-01-24,3146.605,3165.63,3125.301,3158.782,3158.782,7293463600.0
2019-01-25,3165.181,3203.175,3164.408,3184.47,3184.47,8396772900.0
2019-01-28,3203.119,3228.868,3174.724,3183.778,3183.778,8262243100.0
2019-01-29,3177.261,3200.99,3148.235,3193.97,3193.97,7765833400.0
2019-01-30,3181.655,3202.896,3167.893,3168.483,3168.483,6374651700.0
2019-01-31,3182.699,3216.067,3178.011,3201.633,3201.633,8624783900.0
2019-02-01,3225.734,3247.496,3207.717,3247.397,3247.397,8201964100.0
2019-02-11,3239.808,3307.064,3239.808,3306.473,3306.473,9881843400.0
2019-02-12,3306.352,3335.361,3298.634,3330.335,3330.335,12223246200.0
2019-02-13,3337.779,3405.577,3329.144,3397.028,3397.028,16382833200.0
2019-02-14,3392.855,3415.399,3381.982,3402.14,3402.14,15112729000.0
2019-02-15,3391.242,3395.029,3335.871,3338.705,3338.705,14366860300.0
2019-02-18,3366.423,3445.745,3366.423,3445.745,3445.745,18288608900.0
2019-02-19,3454.722,3480.794,3419.073,3439.608,3439.608,17908378500.0
2019-02-20,3449.932,3463.774,3421.505,3451.927,3451.927,14739031100.0
2019-02-21,3450.141,3500.252,3431.631,3442.706,3442.706,18014328700.0
2019-02-22,3439.378,3520.118,3417.978,3520.118,3520.118,18723797400.0
2019-02-25,3575.853,3729.483,3574.689,3729.483,3729.483,34255712200.0
2019-02-26,3734.706,3762.113,3679.271,3684.694,3684.694,35803869800.0
2019-02-27,3682.812,3737.632,3638.333,3678.392,3678.392,28623600700.0
2019-02-28,3675.264,3695.465,3650.054,3669.37,3669.37,18481022000.0
2019-03-01,3699.216,3749.714,3668.765,3749.714,3749.714,20471100400.0
2019-03-04,3783.037,3886.58,3764.776,3794.104,3794.104,32349012600.0
2019-03-05,3785.376,3816.162,3770.786,3816.013,3816.013,23085316600.0
2019-03-06,3822.859,3855.156,3787.523,3848.09,3848.09,31807737100.0
2019-03-07,3841.146,3845.182,3778.8,3808.85,3808.85,32984654800.0
2019-03-08,3721.402,3774.543,3656.192,3657.579,3657.579,31799007700.0
2019-03-11,3663.977,3731.909,3650.813,3729.955,3729.955,23091286500.0
2019-03-12,3758.315,3804.72,3723.679,3755.352,3755.352,27492638200.0
2019-03-13,3758.713,3763.093,3708.815,3724.194,3724.194,23368224800.0
2019-03-14,3710.293,3747.819,3673.851,3698.486,3698.486,19081723700.0
2019-03-15,3713.936,3782.236,3713.936,3745.005,3745.005,17517454400.0
2019-03-18,3753.644,3851.748,3733.678,3851.748,3851.748,21692806000.0
2019-03-19,3856.589,3868.335,3815.219,3833.963,3833.963,18172711000.0
2019-03-20,3825.336,3855.147,3790.512,3835.44,3835.44,17563209000.0
2019-03-21,3840.278,3864.07,3823.466,3836.891,3836.891,19631031000.0
2019-03-22,3838.126,3845.581,3786.592,3833.801,3833.801,17135699300.0
2019-03-25,3776.443,3807.179,3741.606,3742.825,3742.825,19858632900.0
2019-03-26,3766.529,3770.843,3687.547,3700.439,3700.439,17304657900.0
2019-03-27,3724.406,3750.264,3703.451,3743.388,3743.388,13875845400.0
2019-03-28,3731.061,3755.716,3710.081,3728.395,3728.395,13327212900.0
2019-03-29,3739.774,3876.379,3739.774,3872.341,3872.341,21563910300.0
2019-04-01,3901.17,3982.909,3901.17,3973.928,3973.928,27138270400.0
2019-04-02,3986.344,3988.098,3956.506,3971.285,3971.285,22600034100.0
2019-04-03,3947.87,4026.497,3939.784,4022.157,4022.157,23191736800.0
2019-04-04,4039.742,4072.114,4021.706,4062.231,4062.231,26041093900.0
2019-04-08,4097.103,4122.603,4017.489,4057.229,4057.229,26750557600.0
2019-04-09,4063.814,4084.243,4038.283,4075.43,4075.43,18295680800.0
2019-04-10,4062.443,4115.378,4035.474,4085.847,4085.847,19468761300.0
2019-04-11,4083.462,4097.125,3990.239,3997.578,3997.578,16904964100.0
2019-04-12,3986.782,4006.934,3961.464,3988.617,3988.617,13586211800.0
2019-04-15,4056.492,4085.388,3974.226,3975.524,3975.524,18264557100.0
2019-04-16,3958.096,4085.789,3943.488,4085.789,4085.789,20204196600.0
2019-04-17,4080.717,4106.616,4057.503,4087.24,4087.24,18036711700.0
2019-04-18,4085.115,4094.053,4056.236,4072.075,4072.075,14656212300.0
2019-04-19,4076.295,4120.636,4046.204,4120.608,4120.608,15079491000.0
2019-04-22,4125.972,4126.091,4015.475,4025.611,4025.611,18935374500.0
2019-04-23,4021.628,4061.086,4005.283,4019.005,4019.005,15561165000.0
2019-04-24,4033.629,4044.338,3967.806,4030.089,4030.089,14549869500.0
2019-04-25,4013.603,4022.563,3938.325,3941.816,3941.816,15972207100.0
2019-04-26,3921.891,3943.833,3887.253,3889.275,3889.275,14200806800.0
2019-04-29,3896.582,3953.229,3875.452,3900.334,3900.334,15387092700.0
2019-04-30,3887.18,3923.108,3885.147,3913.211,3913.211,11623337600.0
2019-05-06,3775.077,3791.612,3647.141,3684.617,3684.617,19747288200.0
2019-05-07,3702.266,3738.177,3671.834,3720.668,3720.668,13284765400.0
2019-05-08,3648.549,3722.933,3642.498,3667.457,3667.457,11286735500.0
2019-05-09,3637.346,3656.897,3584.823,3599.7,3599.7,10103739400.0
2019-05-10,3643.056,3732.924,3589.291,3730.451,3730.451,14800384700.0
2019-05-13,3675.76,3702.901,3658.0,3668.726,3668.726,10339186000.0
2019-05-14,3630.439,3683.262,3630.439,3645.15,3645.15,10231346000.0
2019-05-15,3674.993,3741.041,3674.993,3727.092,3727.092,11016176900.0
2019-05-16,3720.039,3745.141,3707.903,3743.964,3743.964,11625827400.0
2019-05-17,3744.875,3745.356,3637.583,3648.761,3648.761,12845324500.0
2019-05-20,3635.736,3644.5,3583.832,3617.792,3617.792,10896347700.0
2019-05-21,3619.437,3690.088,3610.682,3666.776,3666.776,11102292000.0
2019-05-22,3663.153,3679.273,3634.748,3649.38,3649.38,9834612800.0
2019-05-23,3629.528,3631.474,3578.113,3583.965,3583.965,9989778100.0
2019-05-24,3584.902,3623.39,3580.785,3593.914,3593.914,8093404800.0
2019-05-27,3592.603,3648.027,3556.257,3637.197,3637.197,10883087100.0
2019-05-28,3633.018,3683.231,3627.788,3672.261,3672.261,11788624000.0
2019-05-29,3642.542,3693.227,3637.348,3663.909,3663.909,9335544100.0
2019-05-30,3648.85,3650.972,3612.625,3641.183,3641.183,9420256100.0
2019-05-31,3640.996,3668.18,3627.545,3629.789,3629.789,8922226700.0
2019-06-03,3640.613,3672.814,3613.127,3632.013,3632.013,10072318000.0
2019-06-04,3632.56,3636.128,3584.461,3598.467,3598.467,8709709400.0
2019-06-05,3627.795,3634.454,3593.952,3597.105,3597.105,8864202000.0
2019-06-06,3601.036,3601.036,3557.017,3564.678,3564.678,8553440300.0
2019-06-10,3578.008,3623.73,3568.279,3610.744,3610.744,9237506100.0
2019-06-11,3617.524,3723.142,3617.524,3719.276,3719.276,14348280600.0
2019-06-12,3706.864,3711.879,3683.939,3691.096,3691.096,11917885300.0
2019-06-13,3689.583,3697.592,3654.274,3685.393,3685.393,9633171800.0
2019-06-14,3690.476,3709.652,3650.91,3654.88,3654.88,10181700400.0
2019-06-17,3654.443,3683.774,3645.498,3654.825,3654.825,7297667800.0
2019-06-18,3661.13,3675.645,3638.78,3667.619,3667.619,7069226600.0
2019-06-19,3761.338,3771.347,3715.133,3715.938,3715.938,12559571500.0
2019-06-20,3718.942,3845.791,3717.186,3828.518,3828.518,16887207300.0
2019-06-21,3832.732,3856.086,3817.307,3833.938,3833.938,15363515500.0
2019-06-24,3836.305,3853.545,3819.769,3841.266,3841.266,10008462100.0
2019-06-25,3837.426,3838.058,3755.01,3801.31,3801.31,12407591200.0
2019-06-26,3779.513,3809.758,3771.716,3794.331,3794.331,8182028300.0
2019-06-27,3807.538,3854.08,3805.833,3834.817,3834.817,10531635800.0
2019-06-28,3832.06,3835.233,3803.055,3825.587,3825.587,8476613900.0
2019-07-01,3899.331,3936.668,3886.909,3935.812,3935.812,15837034000.0
2019-07-02,3931.049,3942.426,3918.938,3937.169,3937.169,13186349600.0
2019-07-03,3927.437,3927.437,3878.841,3893.534,3893.534,11199260300.0
2019-07-04,3895.198,3906.889,3854.693,3873.102,3873.102,9934225600.0
2019-07-05,3875.374,3900.31,3857.928,3893.203,3893.203,7400652700.0
2019-07-08,3875.755,3875.755,3775.026,3802.79,3802.79,10953908600.0
2019-07-09,3798.095,3811.099,3774.764,3793.13,3793.13,7484273200.0
2019-07-10,3807.95,3810.396,3774.23,3786.739,3786.739,7283394800.0
2019-07-11,3806.186,3830.739,3774.414,3785.221,3785.221,7531196500.0
2019-07-12,3783.073,3820.235,3774.522,3808.731,3808.731,7546596700.0
2019-07-15,3792.641,3844.868,3745.855,3824.188,3824.188,10120522200.0
2019-07-16,3819.247,3828.326,3799.867,3806.845,3806.845,8073095200.0
2019-07-17,3800.106,3820.271,3787.897,3804.638,3804.638,9518388500.0
2019-07-18,3793.189,3793.392,3767.996,3768.402,3768.402,8749644500.0
2019-07-19,3787.508,3828.151,3787.508,3807.955,3807.955,8808614900.0
2019-07-22,3813.502,3816.539,3765.443,3781.683,3781.683,9210137700.0
2019-07-23,3783.541,3792.965,3768.761,3789.914,3789.914,7131334600.0
2019-07-24,3803.587,3840.058,3803.574,3819.833,3819.833,9094068400.0
2019-07-25,3821.39,3851.067,3812.953,3851.067,3851.067,9374041700.0
2019-07-26,3835.228,3863.588,3832.522,3858.569,3858.569,8325930000.0
2019-07-29,3857.939,3862.747,3842.426,3854.27,3854.27,8481437000.0
2019-07-30,3861.57,3890.73,3861.57,3870.318,3870.318,9412395500.0
2019-07-31,3856.745,3856.745,3830.091,3835.359,3835.359,8215115500.0
2019-08-01,3819.324,3831.264,3791.546,3803.469,3803.469,8411418000.0
2019-08-02,3729.131,3754.533,3720.058,3747.438,3747.438,10833589700.0
2019-08-05,3724.41,3739.503,3675.688,3675.688,3675.688,10132598100.0
2019-08-06,3609.112,3649.895,3575.863,3636.329,3636.329,12983387100.0
2019-08-07,3654.632,3659.078,3621.431,3621.431,3621.431,8423871600.0
2019-08-08,3651.357,3675.46,3646.939,3669.294,3669.294,8845770700.0
2019-08-09,3686.749,3689.177,3628.116,3633.53,3633.53,8529558000.0
2019-08-12,3647.866,3699.105,3643.316,3699.105,3699.105,8208305600.0
2019-08-13,3675.587,3686.43,3658.013,3665.752,3665.752,7650030200.0
2019-08-14,3712.066,3717.558,3680.609,3682.402,3682.402,9120259000.0
2019-08-15,3618.009,3694.299,3612.111,3694.001,3694.001,8859883200.0
2019-08-16,3697.941,3738.096,3687.075,3710.539,3710.539,8831916900.0
2019-08-19,3736.034,3791.095,3720.689,3791.095,3791.095,13932701300.0
2019-08-20,3786.026,3799.898,3778.731,3787.732,3787.732,10860208800.0
2019-08-21,3778.309,3792.596,3775.447,3781.758,3781.758,8229988000.0
2019-08-22,3793.855,3797.329,3771.205,3793.506,3793.506,8580779200.0
2019-08-23,3796.882,3829.361,3788.035,3820.864,3820.864,8795458300.0
2019-08-26,3756.362,3778.867,3753.165,3765.911,3765.911,9385926900.0
2019-08-27,3791.459,3848.236,3790.873,3816.946,3816.946,12473147800.0
2019-08-28,3818.813,3822.588,3790.138,3802.584,3802.584,8875081200.0
2019-08-29,3805.494,3808.595,3774.397,3790.187,3790.187,8408338700.0
2019-08-30,3816.678,3828.97,3778.919,3799.586,3799.586,9669515000.0
2019-09-02,3803.689,3855.777,3799.817,3848.32,3848.32,11028934900.0
2019-09-03,3852.579,3856.681,3833.757,3853.611,3853.611,9771463100.0
2019-09-04,3848.648,3886.001,3846.422,3886.001,3886.001,12662861500.0
2019-09-05,3909.209,3970.004,3909.209,3925.323,3925.323,18165623100.0
2019-09-06,3946.685,3948.54,3922.336,3948.508,3948.508,12188237600.0
2019-09-09,3980.958,3985.239,3954.876,3972.948,3972.948,14680975400.0
2019-09-10,3976.87,3976.923,3938.744,3959.265,3959.265,13088938600.0
2019-09-11,3969.676,3971.224,3922.953,3930.1,3930.1,13159487500.0
2019-09-12,3944.692,3975.931,3933.437,3972.38,3972.38,11024127300.0
2019-09-16,3981.362,3982.204,3943.373,3957.715,3957.715,11025980500.0
2019-09-17,3947.158,3947.158,3879.485,3891.221,3891.221,11369431700.0
2019-09-18,3902.995,3923.146,3902.511,3910.084,3910.084,8205615200.0
2019-09-19,3923.963,3924.382,3897.067,3924.382,3924.382,8598423800.0
2019-09-20,3933.459,3942.224,3921.412,3935.651,3935.651,10345595500.0
2019-09-23,3925.186,3925.186,3868.214,3890.662,3890.662,9403622500.0
2019-09-24,3895.866,3927.012,3886.14,3901.076,3901.076,8778323000.0
2019-09-25,3887.555,3889.839,3867.228,3870.984,3870.984,8952083500.0
2019-09-26,3884.702,3890.745,3840.247,3841.139,3841.139,10269830100.0
2019-09-27,3843.458,3859.5,3832.247,3852.653,3852.653,7400394700.0
2019-09-30,3842.074,3857.232,3813.549,3814.528,3814.528,6593131300.0
2019-10-08,3818.589,3861.643,3818.589,3837.679,3837.679,7665786000.0
2019-10-09,3822.607,3845.34,3805.067,3843.239,3843.239,7585451200.0
2019-10-10,3838.487,3877.142,3829.433,3874.639,3874.639,7922269400.0
2019-10-11,3885.52,3922.369,3868.842,3911.725,3911.725,9341257700.0
2019-10-14,3944.859,3983.812,3934.733,3953.241,3953.241,12239361100.0
2019-10-15,3953.165,3953.165,3928.151,3936.25,3936.25,8527394900.0
2019-10-16,3939.276,3964.046,3919.017,3922.685,3922.685,8322970700.0
2019-10-17,3929.386,3935.812,3913.917,3925.222,3925.222,6486374500.0
2019-10-18,3935.42,3940.541,3864.965,3869.378,3869.378,8232114000.0
2019-10-21,3865.344,3884.745,3856.037,3880.84,3880.84,7418291800.0
2019-10-22,3896.315,3897.435,3870.549,3895.881,3895.881,6891856600.0
2019-10-23,3892.677,3901.424,3862.197,3871.085,3871.085,7019862500.0
2019-10-24,3877.924,3890.196,3852.583,3870.668,3870.668,7133457500.0
2019-10-25,3871.769,3899.722,3849.034,3896.792,3896.792,7745362000.0
2019-10-28,3904.982,3927.796,3897.818,3926.585,3926.585,9740602000.0
2019-10-29,3929.708,3932.375,3910.226,3910.226,3910.226,8225707500.0
2019-10-30,3904.717,3908.1,3883.447,3891.226,3891.226,7787292300.0
2019-10-31,3906.859,3907.151,3878.876,3886.752,3886.752,8671453900.0
2019-11-01,3883.808,3956.08,3876.416,3952.387,3952.387,10068961200.0
2019-11-04,3964.005,3985.357,3964.005,3978.122,3978.122,10419385500.0
2019-11-05,3982.116,4030.638,3970.866,4002.813,4002.813,11291188000.0
2019-11-06,4006.327,4007.501,3973.776,3984.882,3984.882,9731295200.0
2019-11-07,3984.553,4005.383,3975.548,3991.875,3991.875,8725489800.0
2019-11-08,4017.674,4022.036,3971.573,3973.011,3973.011,9710694800.0
2019-11-11,3948.619,3948.619,3897.55,3902.978,3902.978,9415562100.0
2019-11-12,3905.958,3914.882,3877.74,3903.689,3903.689,7654306900.0
2019-11-13,3905.283,3908.42,3882.431,3899.982,3899.982,7674907800.0
2019-11-14,3905.928,3916.946,3895.142,3905.857,3905.857,8700844600.0
2019-11-15,3908.489,3915.105,3877.089,3877.089,3877.089,8373091700.0
2019-11-18,3874.441,3913.103,3868.317,3907.929,3907.929,7664599300.0
2019-11-19,3904.1,3947.039,3902.378,3947.039,3947.039,8216102500.0
2019-11-20,3940.134,3943.227,3901.987,3907.864,3907.864,7681533300.0
2019-11-21,3894.539,3901.826,3875.968,3889.598,3889.598,6913053800.0
2019-11-22,3894.174,3918.839,3833.503,3849.995,3849.995,9104263900.0
2019-11-25,3850.966,3878.251,3839.42,3878.206,3878.206,10606628900.0
2019-11-26,3893.435,3899.11,3869.595,3891.653,3891.653,11151353700.0
2019-11-27,3883.429,3889.978,3862.701,3875.619,3875.619,7643730500.0
2019-11-28,3877.901,3887.69,3852.011,3862.303,3862.303,6523011900.0
2019-11-29,3857.188,3861.658,3804.829,3828.671,3828.671,7414433100.0
2019-12-02,3835.513,3854.751,3829.313,3836.059,3836.059,7741217300.0
2019-12-03,3829.212,3851.121,3811.628,3851.087,3851.087,7361124000.0
2019-12-04,3841.663,3852.992,3831.075,3849.819,3849.819,7968338500.0
2019-12-05,3863.609,3883.403,3859.822,3879.364,3879.364,8905119300.0
2019-12-06,3885.058,3902.385,3878.7,3902.385,3902.385,7864888700.0
2019-12-09,3909.53,3911.968,3885.251,3895.447,3895.447,9535380600.0
2019-12-10,3886.444,3900.959,3882.088,3900.384,3900.384,8626292800.0
2019-12-11,3907.159,3909.385,3890.341,3902.749,3902.749,9976548000.0
2019-12-12,3908.454,3908.454,3886.119,3891.024,3891.024,8470833000.0
2019-12-13,3928.004,3969.457,3925.276,3968.221,3968.221,14857134900.0
2019-12-16,3970.709,3987.587,3953.513,3987.546,3987.546,14848667000.0
2019-12-17,3987.743,4067.136,3984.519,4041.8,4041.8,20116293700.0
2019-12-18,4039.724,4057.64,4025.343,4032.783,4032.783,15135176400.0
2019-12-19,4034.616,4038.544,4014.895,4027.15,4027.15,11790055800.0
2019-12-20,4032.152,4046.726,4014.93,4017.253,4017.253,12126766200.0
2019-12-23,4014.693,4032.172,3964.38,3967.096,3967.096,12281624600.0
2019-12-24,3971.56,3994.509,3963.665,3992.958,3992.958,9598904500.0
2019-12-25,3988.657,4000.556,3976.356,3990.867,3990.867,9493889000.0
2019-12-26,3993.669,4025.988,3993.541,4025.988,4025.988,10886064000.0
2019-12-27,4029.245,4066.796,4019.722,4022.028,4022.028,15092641100.0
2019-12-30,4015.52,4083.69,4001.495,4081.633,4081.633,15597148800.0
2019-12-31,4077.752,4098.144,4069.009,4096.582,4096.582,12326425800.0
2020-01-02,4121.349,4172.656,4121.349,4152.241,4152.241,18211677200.0
2020-01-03,4161.219,4164.299,4131.864,4144.965,4144.965,14282624400.0
2020-01-06,4120.521,4170.638,4102.38,4129.295,4129.295,17530995300.0
2020-01-07,4137.402,4161.25,4135.097,4160.227,4160.227,13948903100.0
2020-01-08,4139.632,4149.813,4101.98,4112.317,4112.317,16758585000.0
2020-01-09,4145.535,4165.657,4143.592,4164.37,4164.37,13688632400.0
2020-01-10,4177.578,4180.977,4148.482,4163.185,4163.185,11303171900.0
2020-01-13,4166.925,4203.988,4148.601,4203.988,4203.988,11969198200.0
2020-01-14,4215.158,4223.508,4188.081,4189.886,4189.886,12932078300.0
2020-01-15,4186.881,4193.869,4150.88,4166.734,4166.734,10463313600.0
2020-01-16,4174.817,4175.294,4142.18,4149.043,4149.043,10026764200.0
2020-01-17,4162.194,4177.028,4141.645,4154.853,4154.853,9872568200.0
2020-01-20,4170.737,4185.963,4149.488,4185.83,4185.83,12240914700.0
2020-01-21,4165.02,4165.02,4113.325,4114.309,4114.309,13052750700.0
2020-01-22,4093.801,4141.177,4046.487,4131.931,4131.931,12675876300.0
2020-01-23,4093.323,4103.524,3972.393,4003.901,4003.901,16035760300.0
2020-02-03,3639.909,3732.157,3639.909,3688.358,3688.358,15755964700.0
2020-02-04,3652.004,3786.863,3652.004,3785.638,3785.638,21393332800.0
2020-02-05,3801.099,3866.011,3781.613,3828.527,3828.527,17492552400.0
2020-02-06,3841.754,3914.915,3806.96,3899.775,3899.775,17646223500.0
2020-02-07,3879.553,3899.884,3849.713,3899.869,3899.869,15173175900.0
2020-02-10,3872.374,3920.167,3861.007,3916.005,3916.005,14840696900.0
2020-02-11,3926.42,3970.522,3915.708,3952.464,3952.464,14344167400.0
2020-02-12,3945.666,3984.433,3940.667,3984.433,3984.433,12671032100.0
2020-02-13,3985.876,3999.55,3950.142,3959.919,3959.919,14500184300.0
2020-02-14,3954.234,4001.563,3954.023,3987.734,3987.734,14323980300.0
2020-02-17,3999.651,4077.446,3999.651,4077.424,4077.424,18277896900.0
2020-02-18,4069.832,4076.388,4027.786,4057.511,4057.511,16323622000.0
2020-02-19,4049.586,4085.17,4042.845,4051.311,4051.311,16904644100.0
2020-02-20,4062.897,4148.529,4055.811,4144.656,4144.656,21223262400.0
2020-02-21,4134.875,4184.438,4130.168,4149.49,4149.49,21721360400.0
2020-02-24,4131.836,4149.01,4097.175,4132.839,4132.839,21286930300.0
2020-02-25,4066.302,4126.708,4020.908,4123.854,4123.854,24416783100.0
2020-02-26,4070.099,4132.782,4061.125,4073.015,4073.015,26109406100.0
2020-02-27,4084.078,4110.528,4067.441,4084.876,4084.876,18129098100.0
2020-02-28,3988.727,4031.145,3928.066,3940.049,3940.049,23027509300.0
2020-03-02,3968.844,4092.539,3968.844,4069.666,4069.666,21931355900.0
2020-03-03,4125.136,4147.653,4067.909,4091.362,4091.362,21936977700.0
2020-03-04,4078.5,4115.262,4060.729,4115.052,4115.052,18242473000.0
2020-03-05,4150.21,4215.851,4127.039,4206.725,4206.725,23182311500.0
2020-03-06,4158.202,4181.31,4135.39,4138.507,4138.507,17247571700.0
2020-03-09,4063.076,4063.076,3995.131,3997.133,3997.133,20810203500.0
2020-03-10,3975.229,4093.002,3954.751,4082.732,4082.732,19741640200.0
2020-03-11,4090.935,4091.27,4028.396,4028.429,4028.429,16165611100.0
2020-03-12,3976.114,3987.434,3926.27,3950.911,3950.911,15706045800.0
2020-03-13,3771.014,3937.181,3765.148,3895.313,3895.313,18829672200.0
2020-03-16,3899.86,3899.86,3720.513,3727.84,3727.84,18596826000.0
2020-03-17,3739.783,3786.891,3618.307,3709.682,3709.682,16624612900.0
2020-03-18,3729.685,3775.851,3636.257,3636.257,3636.257,15503754700.0
2020-03-19,3623.789,3647.987,3503.187,3589.093,3589.093,18080740700.0
2020-03-20,3629.513,3663.952,3588.777,3653.224,3653.224,13960300000.0
2020-03-23,3542.684,3585.801,3523.788,3530.306,3530.306,13710879000.0
2020-03-24,3598.655,3627.759,3545.452,3625.115,3625.115,14310302100.0
2020-03-25,3711.475,3732.654,3685.994,3722.518,3722.518,15349595800.0
2020-03-26,3692.608,3736.254,3681.267,3698.047,3698.047,11231066500.0
2020-03-27,3746.391,3758.783,3709.921,3710.061,3710.061,12406099500.0
2020-03-30,3657.462,3690.639,3637.585,3674.111,3674.111,12687667300.0
2020-03-31,3708.14,3716.071,3676.202,3686.155,3686.155,11145302500.0
2020-04-01,3682.297,3731.78,3670.965,3675.076,3675.076,11935262000.0
2020-04-02,3656.323,3734.531,3652.317,3734.531,3734.531,11516820900.0
2020-04-03,3721.482,3738.832,3698.982,3713.218,3713.218,9982508300.0
2020-04-07,3779.908,3803.629,3772.205,3798.021,3798.021,14277803000.0
2020-04-08,3776.417,3793.002,3767.292,3780.345,3780.345,11138951300.0
2020-04-09,3798.488,3801.725,3785.312,3792.811,3792.811,10048503200.0
2020-04-10,3794.843,3824.744,3758.96,3769.178,3769.178,10244495600.0
2020-04-13,3751.709,3769.876,3740.194,3753.257,3753.257,7905334300.0
2020-04-14,3777.834,3825.76,3764.984,3825.699,3825.699,11063758500.0
2020-04-15,3820.851,3829.801,3793.44,3797.362,3797.362,10846198400.0
2020-04-16,3777.799,3807.357,3774.559,3802.381,3802.381,9594796500.0
2020-04-17,3831.923,3863.452,3821.42,3839.487,3839.487,13200430100.0
2020-04-20,3845.46,3853.798,3831.553,3853.455,3853.455,10001311500.0
2020-04-21,3838.231,3838.231,3779.997,3808.047,3808.047,10292188800.0
2020-04-22,3789.13,3839.383,3782.215,3839.383,3839.383,8589946400.0
2020-04-23,3851.913,3857.471,3826.557,3829.753,3829.753,9550845000.0
2020-04-24,3826.312,3827.212,3787.071,3796.972,3796.972,9484413500.0
2020-04-27,3808.017,3842.871,3793.766,3822.769,3822.769,9546273500.0
2020-04-28,3835.348,3859.675,3768.2,3849.147,3849.147,12209347600.0
2020-04-29,3837.514,3880.744,3833.716,3867.032,3867.032,9585459000.0
2020-04-30,3880.409,3921.7,3880.409,3912.577,3912.577,13291712500.0
2020-05-06,3867.259,3937.691,3865.988,3936.254,3936.254,13985567500.0
2020-05-07,3937.592,3941.483,3915.905,3924.895,3924.895,10551464600.0
2020-05-08,3942.997,3979.663,3935.981,3963.622,3963.622,11694334100.0
2020-05-11,3974.761,3998.097,3944.504,3960.18,3960.18,12267380300.0
2020-05-12,3961.343,3970.112,3930.211,3960.238,3960.238,9825055400.0
2020-05-13,3946.643,3972.525,3932.571,3968.253,3968.253,8819066900.0
2020-05-14,3952.199,3952.199,3924.045,3925.218,3925.218,8853000400.0
2020-05-15,3941.125,3945.196,3907.402,3912.816,3912.816,9261838200.0
2020-05-18,3914.66,3946.431,3898.404,3922.912,3922.912,11280176200.0
2020-05-19,3963.775,3966.852,3944.072,3956.25,3956.25,9401529100.0
2020-05-20,3955.715,3955.715,3923.921,3935.222,3935.222,10079115000.0
2020-05-21,3950.598,3951.743,3907.579,3913.795,3913.795,9486103300.0
2020-05-22,3907.576,3907.576,3818.149,3824.064,3824.064,10337836000.0
2020-05-25,3828.321,3835.633,3800.18,3829.325,3829.325,7903332600.0
2020-05-26,3850.001,3874.748,3844.478,3872.77,3872.77,7744807600.0
2020-05-27,3873.698,3873.698,3838.425,3845.614,3845.614,8371183100.0
2020-05-28,3848.489,3885.421,3818.432,3856.632,3856.632,9306405400.0
2020-05-29,3838.377,3872.303,3830.419,3867.023,3867.023,9381383200.0
2020-06-01,3901.726,3976.315,3901.726,3971.34,3971.34,13645665200.0
2020-06-02,3969.952,3991.776,3958.977,3983.568,3983.568,14430306000.0
2020-06-03,4001.171,4018.676,3982.93,3983.648,3983.648,13659748300.0
2020-06-04,3998.164,3999.805,3968.572,3982.185,3982.185,10427773700.0
2020-06-05,3988.224,4001.251,3967.926,4001.251,4001.251,10244394200.0
2020-06-08,4023.606,4050.221,4016.102,4021.955,4021.955,13792581300.0
2020-06-09,4027.561,4052.156,4016.339,4047.029,4047.029,11530447900.0
2020-06-10,4046.232,4046.232,4024.419,4039.705,4039.705,11226572800.0
2020-06-11,4031.74,4043.012,3979.752,3995.885,3995.885,12730894100.0
2020-06-12,3931.624,4011.059,3927.249,4003.083,4003.083,13416664900.0
2020-06-15,3982.967,4007.14,3954.988,3954.988,3954.988,13129786000.0
2020-06-16,3995.579,4014.57,3987.864,4014.57,4014.57,11105153900.0
2020-06-17,4018.609,4018.609,3992.134,4017.594,4017.594,10560579900.0
2020-06-18,4009.783,4047.557,4000.901,4044.384,4044.384,13814876100.0
2020-06-19,4047.048,4109.36,4043.493,4098.71,4098.71,15294699000.0
2020-06-22,4097.507,4126.942,4088.782,4102.046,4102.046,15582946500.0
2020-06-23,4098.037,4124.725,4080.753,4121.794,4121.794,12922951000.0
2020-06-24,4128.1,4144.678,4123.358,4138.99,4138.99,12171246500.0
2020-06-29,4127.935,4137.37,4092.535,4109.716,4109.716,13086585400.0
2020-06-30,4130.003,4174.424,4129.775,4163.964,4163.964,12593352100.0
2020-07-01,4172.643,4247.784,4163.495,4247.784,4247.784,16999045600.0
2020-07-02,4239.408,4340.104,4238.116,4335.845,4335.845,25293936800.0
2020-07-03,4353.194,4419.596,4348.454,4419.596,4419.596,29048553900.0
2020-07-06,4465.808,4678.112,4465.808,4670.095,4670.095,40582102500.0
2020-07-07,4739.61,4796.316,4688.057,4698.126,4698.126,40600855300.0
2020-07-08,4692.862,4803.364,4670.65,4774.004,4774.004,34807484700.0
2020-07-09,4770.077,4854.12,4757.294,4840.771,4840.771,35104689300.0
2020-07-10,4796.087,4821.375,4734.473,4753.133,4753.133,31694965100.0
2020-07-13,4742.374,4878.077,4741.874,4852.961,4852.961,32164544600.0
2020-07-14,4836.166,4860.44,4729.926,4806.69,4806.69,29724198500.0
2020-07-15,4821.516,4837.476,4723.361,4744.469,4744.469,27238900600.0
2020-07-16,4741.53,4772.564,4513.654,4516.253,4516.253,28465713300.0
2020-07-17,4524.772,4601.373,4485.821,4544.701,4544.701,20737556300.0
2020-07-20,4597.204,4681.943,4534.231,4680.305,4680.305,24606891400.0
2020-07-21,4697.503,4714.293,4661.444,4691.043,4691.043,20041565900.0
2020-07-22,4682.658,4790.449,4675.349,4714.445,4714.445,22419921100.0
2020-07-23,4668.74,4731.4,4607.659,4712.436,4712.436,23431456900.0
2020-07-24,4679.027,4691.698,4479.393,4505.591,4505.591,24390520300.0
2020-07-27,4535.005,4558.119,4482.441,4528.45,4528.45,17142055100.0
2020-07-28,4567.669,4590.25,4537.685,4568.258,4568.258,16276849800.0
2020-07-29,4559.163,4680.558,4548.854,4679.008,4679.008,18669530500.0
2020-07-30,4689.763,4704.631,4649.768,4656.151,4656.151,16696756600.0
2020-07-31,4652.182,4741.808,4621.964,4695.046,4695.046,18483902600.0
2020-08-03,4735.899,4771.369,4720.025,4771.311,4771.311,21477623900.0
2020-08-04,4778.487,4807.078,4747.775,4775.802,4775.802,23997498500.0
2020-08-05,4761.764,4786.703,4711.272,4777.109,4777.109,19670054800.0
2020-08-06,4779.238,4791.857,4691.157,4762.764,4762.764,22785440600.0
2020-08-07,4742.294,4749.022,4637.843,4707.926,4707.926,21351821600.0
2020-08-10,4681.755,4757.663,4646.289,4724.87,4724.87,20378883200.0
2020-08-11,4730.375,4791.534,4674.864,4681.784,4681.784,20554651100.0
2020-08-12,4668.89,4681.621,4566.274,4647.645,4647.645,20288723900.0
2020-08-13,4666.49,4671.769,4626.103,4635.713,4635.713,15255009200.0
2020-08-14,4627.61,4708.071,4617.632,4704.629,4704.629,14729292100.0
2020-08-17,4727.12,4838.086,4721.359,4815.226,4815.226,26800155600.0
2020-08-18,4816.57,4825.386,4788.829,4812.756,4812.756,18913985400.0
2020-08-19,4804.666,4809.05,4738.009,4740.678,4740.678,19244294800.0
2020-08-20,4708.125,4721.436,4662.803,4679.154,4679.154,15836863900.0
2020-08-21,4717.787,4739.484,4684.81,4718.843,4718.843,14265786400.0
2020-08-24,4746.404,4769.467,4716.605,4755.849,4755.849,15114351200.0
2020-08-25,4769.211,4802.412,4746.313,4761.951,4761.951,14170135100.0
2020-08-26,4761.719,4786.425,4689.881,4706.13,4706.13,15130518000.0
2020-08-27,4718.062,4731.935,4679.362,4731.345,4731.345,11904285000.0
2020-08-28,4727.292,4850.488,4719.353,4844.265,4844.265,15939976500.0
2020-08-31,4870.934,4901.212,4816.212,4816.215,4816.215,20256702900.0
2020-09-01,4803.392,4842.135,4791.783,4842.122,4842.122,13839540200.0
2020-09-02,4859.075,4863.551,4797.52,4843.887,4843.887,15798952400.0
2020-09-03,4841.502,4877.012,4800.058,4817.095,4817.095,14567120100.0
2020-09-04,4737.237,4778.203,4726.556,4770.219,4770.219,12003279600.0
2020-09-07,4759.521,4789.303,4655.56,4669.368,4669.368,14860779100.0
2020-09-08,4683.826,4707.897,4639.053,4694.389,4694.389,13919922700.0
2020-09-09,4634.247,4645.197,4558.03,4584.589,4584.589,16227710700.0
2020-09-10,4632.099,4647.751,4572.206,4581.978,4581.978,15065287800.0
2020-09-11,4572.257,4630.884,4563.106,4627.283,4627.283,11530242400.0
2020-09-14,4652.054,4666.986,4625.988,4651.051,4651.051,10723517900.0
2020-09-15,4649.447,4691.5,4630.537,4688.483,4688.483,10191592500.0
2020-09-16,4683.006,4690.682,4638.459,4657.358,4657.358,10875364100.0
2020-09-17,4642.054,4664.949,4601.639,4632.714,4632.714,10598363100.0
2020-09-18,4636.642,4737.804,4631.705,4737.089,4737.089,16042647500.0
2020-09-21,4750.748,4752.98,4688.72,4691.428,4691.428,12453582700.0
2020-09-22,4654.218,4706.21,4622.111,4635.761,4635.761,11967294700.0
2020-09-23,4639.659,4665.96,4623.553,4652.327,4652.327,9582652800.0
2020-09-24,4623.954,4631.948,4562.209,4563.066,4563.066,11259368300.0
2020-09-25,4582.482,4599.539,4554.72,4570.022,4570.022,9301515500.0
2020-09-28,4582.647,4613.632,4571.151,4581.909,4581.909,8504838900.0
2020-09-29,4608.293,4616.677,4586.354,4591.799,4591.799,8599385800.0
2020-09-30,4607.575,4634.724,4563.411,4587.395,4587.395,8908120000.0
2020-10-09,4663.61,4695.404,4655.085,4681.141,4681.141,11133751200.0
2020-10-12,4705.188,4823.267,4704.155,4823.158,4823.158,15578455800.0
2020-10-13,4812.899,4845.919,4795.373,4839.201,4839.201,11651633800.0
2020-10-14,4830.458,4830.458,4795.907,4807.102,4807.102,11190692300.0
2020-10-15,4810.782,4833.893,4796.265,4798.736,4798.736,10996496200.0
2020-10-16,4798.916,4825.552,4765.967,4791.676,4791.676,11671610200.0
2020-10-19,4823.494,4849.605,4747.336,4755.488,4755.488,12924636100.0
2020-10-20,4751.369,4793.467,4739.458,4793.467,4793.467,9804815600.0
2020-10-21,4801.631,4801.631,4758.855,4792.828,4792.828,10380570300.0
2020-10-22,4780.595,4791.808,4725.499,4777.985,4777.985,10135089100.0
2020-10-23,4775.467,4802.456,4717.098,4718.488,4718.488,10682518400.0
2020-10-26,4684.047,4713.395,4639.302,4691.236,4691.236,10834327500.0
2020-10-27,4680.137,4708.462,4671.854,4699.279,4699.279,9265630400.0
2020-10-28,4703.004,4753.313,4685.601,4737.272,4737.272,10846340200.0
2020-10-29,4683.607,4803.032,4679.253,4772.92,4772.92,11711725000.0
2020-10-30,4776.473,4778.509,4683.472,4695.334,4695.334,13980230300.0
2020-11-02,4702.746,4738.024,4695.444,4720.831,4720.831,14286769300.0
2020-11-03,4743.174,4793.396,4734.175,4777.561,4777.561,13605540800.0
2020-11-04,4781.448,4825.464,4770.558,4813.656,4813.656,11466180600.0
2020-11-05,4861.338,4885.112,4838.0,4885.112,4885.112,13924459400.0
2020-11-06,4897.63,4897.63,4845.429,4885.718,4885.718,15363903400.0
2020-11-09,4918.861,4997.802,4918.861,4981.35,4981.35,19713198400.0
2020-11-10,4995.413,4995.413,4928.932,4953.876,4953.876,17626721400.0
2020-11-11,4937.758,4957.585,4901.707,4904.898,4904.898,16447051500.0
2020-11-12,4916.774,4926.342,4891.51,4908.463,4908.463,11811461900.0
2020-11-13,4886.978,4886.978,4825.758,4856.851,4856.851,13369307900.0
2020-11-16,4880.958,4904.172,4848.624,4904.172,4904.172,14877098000.0
2020-11-17,4903.12,4909.29,4865.394,4894.786,4894.786,15148746400.0
2020-11-18,4889.675,4911.088,4870.716,4891.672,4891.672,16421661600.0
2020-11-19,4880.922,4939.791,4870.201,4927.989,4927.989,13368137800.0
2020-11-20,4928.222,4947.43,4922.59,4943.288,4943.288,12940034100.0
2020-11-23,4954.599,5029.652,4940.449,5005.027,5005.027,20591518700.0
2020-11-24,4997.049,5001.061,4960.982,4974.286,4974.286,15663791100.0
2020-11-25,4992.747,5004.773,4910.7,4910.7,4910.7,17034052700.0
2020-11-26,4908.321,4925.286,4867.815,4919.591,4919.591,13720233800.0
2020-11-27,4930.593,4980.765,4917.348,4980.765,4980.765,16295292200.0
2020-11-30,4994.106,5055.192,4960.252,4960.252,4960.252,26263895000.0
2020-12-01,4963.13,5072.549,4963.13,5067.098,5067.098,20406563800.0
2020-12-02,5072.976,5090.608,5043.309,5067.145,5067.145,19543547600.0
2020-12-03,5065.453,5072.305,5033.789,5057.06,5057.06,17786574800.0
2020-12-04,5049.523,5072.387,5017.851,5065.916,5065.916,14434716700.0
2020-12-07,5065.729,5067.87,5014.609,5022.235,5022.235,13989621700.0
2020-12-08,5029.106,5043.061,4998.922,5009.879,5009.879,12307302900.0
2020-12-09,5022.385,5033.642,4942.52,4942.699,4942.699,13891696500.0
2020-12-10,4931.293,4962.743,4919.77,4940.525,4940.525,12591427000.0
2020-12-11,4957.824,4957.824,4849.355,4889.629,4889.629,15935769700.0
2020-12-14,4903.627,4937.26,4887.66,4934.835,4934.835,12080155200.0
2020-12-15,4931.602,4954.189,4904.793,4945.1,4945.1,11834263300.0
2020-12-16,4957.297,4968.856,4938.193,4953.867,4953.867,10677896800.0
2020-12-17,4960.729,5021.617,4950.371,5017.478,5017.478,13338547900.0
2020-12-18,5014.321,5027.445,4979.005,4999.968,4999.968,12804961800.0
2020-12-21,4995.762,5048.507,4969.999,5046.84,5046.84,14081178200.0
2020-12-22,5034.983,5055.135,4960.946,4964.773,4964.773,16234497000.0
2020-12-23,4977.299,5028.451,4968.151,5007.124,5007.124,14029281900.0
2020-12-24,5006.005,5033.038,4979.237,5000.015,5000.015,11441866700.0
2020-12-25,4985.77,5042.098,4973.681,5042.014,5042.014,12100697900.0
2020-12-28,5042.943,5089.345,5037.858,5064.415,5064.415,13691440700.0
2020-12-29,5071.449,5077.417,5034.308,5042.936,5042.936,14119866200.0
2020-12-30,5037.985,5113.711,5036.629,5113.711,5113.711,14862644800.0
2020-12-31,5122.48,5215.618,5122.48,5211.289,5211.289,17160250900.0
2021-01-04,5212.931,5284.434,5190.937,5267.718,5267.718,21171138200.0
2021-01-05,5245.836,5368.505,5234.378,5368.505,5368.505,22493115900.0
2021-01-06,5386.514,5433.469,5341.43,5417.668,5417.668,19377344400.0
2021-01-07,5428.394,5513.657,5413.353,5513.657,5513.657,21987208000.0
2021-01-08,5526.288,5547.473,5442.694,5495.431,5495.431,20432495600.0
2021-01-11,5504.236,5555.692,5412.505,5441.158,5441.158,23183598300.0
2021-01-12,5419.5,5596.353,5417.627,5596.353,5596.353,22422018600.0
2021-01-13,5609.264,5644.72,5535.144,5577.971,5577.971,26156988600.0
2021-01-14,5556.213,5568.018,5458.682,5470.456,5470.456,24368338000.0
2021-01-15,5471.391,5500.635,5390.274,5458.081,5458.081,23863743500.0
2021-01-18,5438.162,5541.461,5410.775,5518.521,5518.521,20705186900.0
2021-01-19,5525.969,5532.479,5415.717,5437.523,5437.523,21104342500.0
2021-01-20,5439.911,5496.049,5426.536,5476.434,5476.434,17091326000.0
2021-01-21,5492.959,5593.106,5490.563,5564.969,5564.969,20995019700.0
2021-01-22,5562.379,5573.659,5513.877,5569.776,5569.776,19930002000.0
2021-01-25,5564.124,5655.48,5543.266,5625.923,5625.923,19704701900.0
2021-01-26,5600.902,5600.902,5505.996,5512.968,5512.968,17190459000.0
2021-01-27,5505.771,5534.993,5449.639,5528.003,5528.003,16019084100.0
2021-01-28,5450.37,5462.235,5360.377,5377.143,5377.143,17048558500.0
2021-01-29,5413.968,5430.202,5288.096,5351.965,5351.965,18217878400.0
2021-02-01,5356.854,5422.299,5342.046,5417.648,5417.648,16631370600.0
2021-02-02,5429.703,5503.215,5411.517,5501.092,5501.092,16521056500.0
2021-02-03,5499.296,5532.886,5473.124,5485.201,5485.201,18805431700.0
2021-02-04,5453.976,5510.054,5411.575,5473.948,5473.948,18057565400.0
2021-02-05,5494.701,5550.771,5477.652,5483.414,5483.414,18969959800.0
2021-02-08,5506.142,5576.491,5479.853,5564.562,5564.562,16403377500.0
2021-02-09,5584.165,5686.25,5555.054,5686.25,5686.25,16488726000.0
2021-02-10,5709.684,5823.422,5707.33,5807.719,5807.719,17016978600.0
2021-02-18,5922.071,5930.912,5747.663,5768.381,5768.381,21884868600.0
2021-02-19,5734.019,5787.887,5667.321,5778.842,5778.842,21447578000.0
2021-02-22,5785.51,5785.51,5597.333,5597.333,5597.333,28212438200.0
2021-02-23,5542.684,5644.755,5541.109,5579.668,5579.668,23380772700.0
2021-02-24,5591.48,5598.828,5379.728,5437.568,5437.568,22542861000.0
2021-02-25,5494.471,5527.63,5444.165,5469.558,5469.558,23073602800.0
2021-02-26,5343.904,5416.32,5318.858,5336.761,5336.761,21226454300.0
2021-03-01,5389.25,5421.555,5345.945,5418.784,5418.784,17746352300.0
2021-03-02,5453.285,5454.969,5305.055,5349.63,5349.63,19651111500.0
2021-03-03,5327.347,5452.396,5316.481,5452.213,5452.213,19470905400.0
2021-03-04,5388.479,5392.373,5254.777,5280.706,5280.706,21277521100.0
2021-03-05,5191.97,5307.82,5174.246,5262.796,5262.796,20262795600.0
2021-03-08,5299.791,5326.26,5079.798,5080.025,5080.025,23023163500.0
2021-03-09,5066.155,5094.311,4917.909,4970.999,4970.999,23071100400.0
2021-03-10,5047.059,5055.279,4981.616,5003.612,5003.612,16992849000.0
2021-03-11,5024.559,5138.415,5020.578,5128.216,5128.216,18960076600.0
2021-03-12,5153.674,5153.674,5086.823,5146.379,5146.379,20102058900.0
2021-03-15,5116.123,5120.876,4992.399,5035.544,5035.544,20415308400.0
2021-03-16,5054.409,5084.309,5009.951,5079.362,5079.362,16139005400.0
2021-03-17,5062.771,5123.545,5020.126,5100.858,5100.858,14916237600.0
2021-03-18,5114.587,5160.457,5111.129,5141.768,5141.768,14290151800.0
2021-03-19,5068.532,5089.918,4980.761,5007.091,5007.091,16417484900.0
2021-03-22,5008.395,5071.338,4996.541,5057.152,5057.152,16740263200.0
2021-03-23,5057.063,5064.02,4966.534,5009.246,5009.246,15801396700.0
2021-03-24,4985.401,5024.327,4919.893,4928.685,4928.685,15938598200.0
2021-03-25,4904.068,4950.761,4883.662,4926.347,4926.347,13294518900.0
2021-03-26,4953.945,5050.829,4953.945,5037.99,5037.99,14592669700.0
2021-03-29,5052.263,5086.654,5010.39,5046.877,5046.877,14338821500.0
2021-03-30,5043.095,5106.037,5032.795,5094.729,5094.729,13861856000.0
2021-03-31,5085.95,5085.95,5015.607,5048.361,5048.361,14133574300.0
2021-04-01,5059.936,5115.429,5056.872,5110.777,5110.777,12032489000.0
2021-04-02,5129.855,5169.831,5116.347,5161.557,5161.557,12700225400.0
2021-04-06,5178.64,5181.149,5125.33,5140.342,5140.342,10983421000.0
2021-04-07,5141.656,5141.656,5065.193,5103.743,5103.743,14576374800.0
2021-04-08,5078.263,5129.132,5062.073,5112.209,5112.209,14177104700.0
2021-04-09,5100.042,5100.042,5022.093,5035.337,5035.337,12841650900.0
2021-04-12,5026.979,5045.602,4933.013,4947.746,4947.746,15264431400.0
2021-04-13,4949.807,4994.54,4924.198,4939.644,4939.644,13291935800.0
2021-04-14,4945.686,4987.119,4940.269,4980.628,4980.628,12086083800.0
2021-04-15,4969.91,4969.91,4900.303,4948.974,4948.974,10882938400.0
2021-04-16,4966.9,4979.173,4917.96,4966.181,4966.181,11123992400.0
2021-04-19,4966.409,5088.211,4940.747,5087.017,5087.017,15476982400.0
2021-04-20,5065.776,5119.859,5058.925,5083.365,5083.365,13654170000.0
2021-04-21,5055.24,5110.562,5047.992,5098.745,5098.745,12463727700.0
2021-04-22,5114.28,5119.225,5067.138,5089.244,5089.244,12116764500.0
2021-04-23,5088.826,5149.983,5086.491,5135.453,5135.453,12205699100.0
2021-04-26,5156.594,5181.107,5072.959,5077.237,5077.237,15138196700.0
2021-04-27,5076.642,5095.984,5042.61,5090.52,5090.52,12396183700.0
2021-04-28,5073.973,5119.446,5059.263,5119.242,5119.242,12062031800.0
2021-04-29,5128.28,5170.585,5113.648,5164.169,5164.169,14009248000.0
2021-04-30,5156.356,5163.252,5094.929,5123.489,5123.489,16012162100.0
2021-05-06,5098.801,5132.899,5037.408,5061.124,5061.124,15882263000.0
2021-05-07,5073.455,5093.747,4996.037,4996.053,4996.053,17225832100.0
2021-05-10,5001.437,5019.393,4953.697,4992.422,4992.422,17082058500.0
2021-05-11,4956.079,5033.494,4925.915,5023.06,5023.06,15152649700.0
2021-05-12,5003.817,5051.168,4995.405,5044.548,5044.548,12661908600.0
2021-05-13,4992.352,5022.084,4975.446,4992.974,4992.974,13227940600.0
2021-05-14,5007.629,5112.984,4981.295,5110.59,5110.59,15942618000.0
2021-05-17,5115.306,5206.695,5115.306,5184.985,5184.985,15388963400.0
2021-05-18,5190.935,5201.672,5156.792,5187.601,5187.601,11840426100.0
2021-05-19,5173.167,5193.557,5151.639,5172.272,5172.272,11872998300.0
2021-05-20,5167.055,5201.594,5152.036,5186.412,5186.412,13845477500.0
2021-05-21,5199.129,5216.162,5123.117,5134.148,5134.148,12476848500.0
2021-05-24,5138.815,5155.588,5092.389,5155.588,5155.588,12674233600.0
2021-05-25,5165.036,5324.361,5161.524,5318.478,5318.478,18299683900.0
2021-05-26,5326.117,5344.284,5308.739,5320.593,5320.593,16960709600.0
2021-05-27,5311.373,5378.476,5286.05,5338.233,5338.233,14846285500.0
2021-05-28,5338.728,5360.277,5288.652,5321.089,5321.089,16460580600.0
2021-05-31,5318.083,5331.629,5281.685,5331.57,5331.57,14460326900.0
2021-06-01,5320.475,5343.753,5269.259,5341.68,5341.68,14383147400.0
2021-06-02,5348.344,5352.64,5266.785,5289.974,5289.974,13775431900.0
2021-06-03,5285.71,5314.369,5255.072,5255.286,5255.286,14196887800.0
2021-06-04,5228.276,5334.49,5221.229,5282.277,5282.277,14473208700.0
2021-06-07,5284.891,5286.842,5242.948,5277.627,5277.627,12770497100.0
2021-06-08,5276.971,5319.041,5201.14,5232.117,5232.117,13055953200.0
2021-06-09,5224.95,5253.356,5215.351,5236.449,5236.449,12182032100.0
2021-06-10,5236.469,5299.53,5229.518,5271.466,5271.466,13899196700.0
2021-06-11,5275.746,5276.104,5213.599,5224.703,5224.703,18080717300.0
2021-06-15,5218.565,5225.502,5137.409,5166.56,5166.56,14288005800.0
2021-06-16,5163.249,5164.519,5076.022,5080.491,5080.491,12514798500.0
2021-06-17,5074.384,5123.365,5073.821,5101.892,5101.892,12045251800.0
2021-06-18,5104.93,5128.031,5064.921,5102.466,5102.466,14858580500.0
2021-06-21,5088.089,5123.783,5058.57,5090.385,5090.385,13218451600.0
2021-06-22,5106.074,5125.819,5086.278,5122.158,5122.158,13041675300.0
2021-06-23,5127.191,5171.033,5109.757,5147.394,5147.394,13635605800.0
2021-06-24,5156.564,5160.435,5120.584,5155.974,5155.974,12668562500.0
2021-06-25,5159.802,5251.608,5157.476,5239.968,5239.968,15493106100.0
2021-06-28,5253.608,5260.637,5226.22,5251.76,5251.76,13319378300.0
2021-06-29,5248.525,5248.525,5182.677,5190.545,5190.545,12516299700.0
2021-06-30,5189.38,5231.426,5186.625,5224.041,5224.041,10375267100.0
2021-07-01,5241.204,5252.264,5190.876,5229.664,5229.664,12724062000.0
2021-07-02,5186.661,5186.661,5074.362,5081.117,5081.117,13042642400.0
2021-07-05,5073.779,5098.231,5048.004,5085.792,5085.792,13121158900.0
2021-07-06,5089.778,5092.207,5028.506,5083.104,5083.104,14065522000.0
2021-07-07,5052.42,5152.771,5045.406,5140.49,5140.49,14854906000.0
2021-07-08,5149.31,5151.217,5078.93,5088.257,5088.257,17390100800.0
2021-07-09,5063.148,5081.409,5006.412,5069.436,5069.436,16065322600.0
2021-07-12,5108.378,5159.412,5070.319,5132.709,5132.709,20621203900.0
2021-07-13,5128.614,5154.051,5114.943,5142.099,5142.099,16648220900.0
2021-07-14,5130.752,5130.752,5075.125,5083.085,5083.085,18835272000.0
2021-07-15,5073.263,5153.806,5067.677,5151.463,5151.463,18107710300.0
2021-07-16,5140.904,5140.904,5090.632,5094.773,5094.773,16995598200.0
2021-07-19,5083.728,5120.824,5047.623,5113.495,5113.495,15319958900.0
2021-07-20,5080.216,5114.003,5067.862,5108.994,5108.994,12930004400.0
2021-07-21,5122.784,5160.545,5122.305,5144.043,5144.043,16797646900.0
2021-07-22,5150.386,5171.21,5137.88,5151.752,5151.752,18555686400.0
2021-07-23,5145.431,5145.431,5079.997,5089.228,5089.228,21653684700.0
2021-07-26,5067.307,5067.307,4859.603,4925.299,4925.299,22811171000.0
2021-07-27,4924.282,4940.86,4749.033,4751.313,4751.313,23663122500.0
2021-07-28,4714.295,4785.657,4663.901,4760.483,4760.483,19263439300.0
2021-07-29,4845.76,4857.971,4800.013,4850.275,4850.275,17332205400.0
2021-07-30,4825.7,4825.7,4761.038,4811.17,4811.17,18234977600.0
2021-08-02,4794.819,4938.815,4761.459,4933.736,4933.736,22719491800.0
2021-08-03,4909.233,4957.029,4890.85,4934.458,4934.458,20353336000.0
2021-08-04,4927.736,4979.291,4919.657,4978.848,4978.848,17546646100.0
2021-08-05,4946.167,4997.14,4921.938,4948.67,4948.67,16738182900.0
2021-08-06,4943.043,4944.349,4891.797,4921.565,4921.565,15417968800.0
2021-08-09,4890.257,5002.894,4884.039,4985.563,4985.563,18243687100.0
2021-08-10,4977.816,5043.761,4941.24,5043.148,5043.148,16705190200.0
2021-08-11,5037.082,5059.789,5009.978,5015.341,5015.341,18226607400.0
2021-08-12,4998.073,5016.263,4962.985,4973.351,4973.351,16822373300.0
2021-08-13,4958.758,4993.743,4921.281,4945.983,4945.983,15831432100.0
2021-08-16,4935.923,4973.376,4931.369,4941.068,4941.068,16195337300.0
2021-08-17,4935.004,4967.565,4823.392,4837.403,4837.403,18757347200.0
2021-08-18,4838.471,4909.541,4818.901,4894.238,4894.238,19747437800.0
2021-08-19,4886.564,4893.467,4839.568,4862.139,4862.139,20171171900.0
2021-08-20,4817.494,4835.153,4720.826,4769.268,4769.268,17763581000.0
2021-08-23,4777.735,4843.819,4764.009,4835.878,4835.878,16757909300.0
2021-08-24,4844.593,4906.204,4842.748,4888.39,4888.39,19788316300.0
2021-08-25,4890.521,4899.765,4865.765,4898.157,4898.157,18944801600.0
2021-08-26,4892.204,4892.204,4798.695,4801.609,4801.609,19761738700.0
2021-08-27,4794.974,4863.469,4793.591,4827.043,4827.043,18331021100.0
2021-08-30,4847.035,4849.16,4787.2,4813.27,4813.27,21963575700.0
2021-08-31,4803.085,4821.756,4740.752,4805.61,4805.61,23511865800.0
2021-09-01,4804.686,4906.402,4763.299,4869.459,4869.459,32672108000.0
2021-09-02,4865.822,4892.705,4845.625,4869.411,4869.411,26785801300.0
2021-09-03,4875.066,4886.548,4828.699,4843.062,4843.062,26809189600.0
2021-09-06,4841.062,4944.45,4837.786,4933.726,4933.726,24050724500.0
2021-09-07,4932.976,5005.961,4915.612,4992.829,4992.829,24417851900.0
2021-09-08,4986.795,5013.976,4955.888,4972.132,4972.132,26461531500.0
2021-09-09,4952.492,4970.147,4929.95,4970.013,4970.013,25653021700.0
2021-09-10,4967.976,5042.799,4962.371,5013.522,5013.522,28830435200.0
2021-09-13,5006.775,5029.724,4964.96,4991.66,4991.66,24991529800.0
2021-09-14,4989.835,5000.977,4907.316,4917.162,4917.162,24559040200.0
2021-09-15,4903.847,4903.847,4843.116,4867.319,4867.319,18798473000.0
2021-09-16,4866.794,4879.531,4806.144,4807.698,4807.698,21675209900.0
2021-09-17,4797.113,4857.958,4786.088,4855.94,4855.94,20195812700.0
2021-09-22,4770.732,4830.85,4765.23,4821.768,4821.768,19122037600.0
2021-09-23,4848.222,4877.336,4837.557,4853.196,4853.196,22815106400.0
2021-09-24,4845.638,4897.06,4838.535,4849.428,4849.428,20769329000.0
2021-09-27,4870.848,4922.563,4852.2,4877.37,4877.37,21596703000.0
2021-09-28,4869.085,4901.311,4846.631,4883.828,4883.828,17689088000.0
2021-09-29,4846.021,4868.068,4799.877,4833.928,4833.928,18817136600.0
2021-09-30,4843.953,4876.073,4843.953,4866.383,4866.383,14611389600.0
2021-10-08,4915.731,4937.092,4891.625,4929.941,4929.941,16896807700.0
2021-10-11,4941.292,4983.729,4930.713,4936.192,4936.192,16351162400.0
2021-10-12,4920.66,4925.488,4840.77,4883.837,4883.837,16807933700.0
2021-10-13,4880.144,4953.375,4869.831,4940.109,4940.109,13114281300.0
2021-10-14,4934.258,4953.923,4903.25,4913.612,4913.612,11955701300.0
2021-10-15,4896.558,4939.815,4881.014,4932.108,4932.108,14282200100.0
2021-10-18,4922.514,4922.514,4844.938,4874.775,4874.775,14124519900.0
2021-10-19,4869.391,4928.143,4868.811,4922.723,4922.723,13526649300.0
2021-10-20,4926.773,4944.022,4898.365,4910.185,4910.185,14153318300.0
2021-10-21,4914.738,4946.176,4893.853,4928.016,4928.016,14889815400.0
2021-10-22,4934.87,4989.887,4934.87,4959.725,4959.725,14392622800.0
2021-10-25,4940.896,4981.65,4930.112,4979.524,4979.524,14186149000.0
2021-10-26,4983.238,5002.575,4953.479,4963.098,4963.098,14088894300.0
2021-10-27,4949.227,4949.227,4884.942,4898.164,4898.164,14711159300.0
2021-10-28,4882.586,4898.658,4846.278,4864.138,4864.138,15664947200.0
2021-10-29,4861.267,4908.77,4855.759,4908.77,4908.77,15988735300.0
2021-11-01,4878.128,4908.206,4858.249,4890.685,4890.685,17158397400.0
2021-11-02,4886.185,4911.227,4797.899,4839.846,4839.846,18543768800.0
2021-11-03,4835.809,4858.713,4804.366,4821.112,4821.112,14276382000.0
2021-11-04,4841.091,4873.939,4834.743,4868.742,4868.742,13259297000.0
2021-11-05,4858.9,4889.684,4841.744,4842.346,4842.346,14778935900.0
2021-11-08,4841.153,4866.082,4827.689,4848.18,4848.18,13739826400.0
2021-11-09,4858.253,4870.791,4818.539,4846.744,4846.744,11837552600.0
2021-11-10,4832.801,4832.801,4753.996,4821.193,4821.193,13511817900.0
2021-11-11,4814.766,4898.653,4809.111,4898.653,4898.653,16048486300.0
2021-11-12,4902.929,4909.084,4875.349,4888.375,4888.375,13266296900.0
2021-11-15,4894.412,4906.33,4863.396,4882.378,4882.378,12182314900.0
2021-11-16,4880.896,4915.372,4876.5,4883.321,4883.321,12725440600.0
2021-11-17,4883.248,4891.523,4864.52,4885.754,4885.754,10845922300.0
2021-11-18,4871.422,4871.422,4830.412,4837.619,4837.619,11448056500.0
2021-11-19,4832.06,4892.809,4829.567,4890.058,4890.058,12719831200.0
2021-11-22,4895.388,4918.996,4893.273,4912.399,4912.399,13809283600.0
2021-11-23,4905.759,4927.521,4896.878,4913.346,4913.346,15430441100.0
2021-11-24,4914.027,4935.489,4899.611,4916.658,4916.658,13715067300.0
2021-11-25,4917.606,4921.333,4891.728,4896.442,4896.442,11598403100.0
2021-11-26,4886.952,4886.952,4850.811,4860.127,4860.127,12036897400.0
2021-11-29,4820.005,4858.532,4818.706,4851.423,4851.423,13362686200.0
2021-11-30,4857.183,4871.253,4810.219,4832.026,4832.026,12963059600.0
2021-12-01,4831.889,4844.524,4823.925,4843.851,4843.851,12308678900.0
2021-12-02,4839.914,4866.851,4830.323,4856.163,4856.163,14808852100.0
2021-12-03,4856.98,4901.018,4853.351,4901.018,4901.018,14405962600.0
2021-12-06,4909.429,4943.903,4888.693,4892.621,4892.621,17361568300.0
2021-12-07,4930.826,4934.097,4895.218,4922.102,4922.102,17905346000.0
2021-12-08,4934.406,4995.93,4915.79,4995.93,4995.93,15749055900.0
2021-12-09,5000.687,5114.501,4999.41,5078.69,5078.69,22056877600.0
2021-12-10,5046.268,5060.055,5035.809,5055.117,5055.117,19369515400.0
2021-12-13,5090.021,5143.841,5079.728,5083.801,5083.801,21180159600.0
2021-12-14,5066.35,5075.214,5038.858,5049.695,5049.695,15910779000.0
2021-12-15,5036.284,5060.368,5003.778,5005.899,5005.899,15052975200.0
2021-12-16,5006.611,5034.732,4987.225,5034.732,5034.732,14405386700.0
2021-12-17,5021.339,5022.107,4954.759,4954.76,4954.76,14900539900.0
2021-12-20,4934.966,4971.673,4872.685,4880.418,4880.418,16967569000.0
2021-12-21,4876.514,4917.799,4872.949,4913.485,4913.485,14333989800.0
2021-12-22,4924.577,4936.673,4903.165,4914.454,4914.454,13325674000.0
2021-12-23,4924.291,4948.739,4906.747,4948.739,4948.739,13955540600.0
2021-12-24,4953.062,4964.906,4905.979,4921.345,4921.345,14267332300.0
2021-12-27,4918.146,4939.689,4894.16,4919.324,4919.324,12410095200.0
2021-12-28,4923.692,4959.145,4913.598,4955.964,4955.964,13045775700.0
2021-12-29,4958.646,4958.646,4883.48,4883.48,4883.48,11358700200.0
2021-12-30,4882.156,4940.178,4878.648,4921.511,4921.511,12161717800.0
2021-12-31,4937.463,4950.364,4923.139,4940.373,4940.373,12131373700.0
2022-01-04,4957.984,4961.453,4874.534,4917.765,4917.765,15153477600.0
2022-01-05,4907.935,4916.282,4851.984,4868.12,4868.12,17881610000.0
2022-01-06,4842.156,4857.56,4786.433,4818.232,4818.232,15766582600.0
2022-01-07,4824.318,4856.652,4818.193,4822.369,4822.369,18713941300.0
2022-01-10,4812.23,4844.393,4780.819,4844.045,4844.045,15621169600.0
2022-01-11,4840.009,4850.879,4791.885,4797.774,4797.774,14692800400.0
2022-01-12,4818.89,4852.731,4810.919,4845.579,4845.579,14320020400.0
2022-01-13,4853.031,4853.063,4765.242,4765.919,4765.919,14251965300.0
2022-01-14,4743.912,4764.052,4723.943,4726.732,4726.732,14686312600.0
2022-01-17,4728.76,4775.239,4726.708,4767.276,4767.276,11529569100.0
2022-01-18,4766.781,4826.3,4747.92,4813.347,4813.347,15087080200.0
2022-01-19,4815.811,4828.752,4755.93,4780.378,4780.378,13392736000.0
2022-01-20,4778.262,4845.005,4777.568,4823.509,4823.509,16497131500.0
2022-01-21,4808.773,4818.305,4762.564,4779.314,4779.314,13895258500.0
2022-01-24,4753.941,4801.098,4746.448,4786.738,4786.738,11446388000.0
2022-01-25,4761.95,4781.391,4678.247,4678.451,4678.451,13366758600.0
2022-01-26,4697.099,4718.995,4648.128,4712.311,4712.311,10707084200.0
2022-01-27,4708.099,4708.436,4616.027,4619.877,4619.877,12126380400.0
2022-01-28,4641.814,4660.519,4559.833,4563.772,4563.772,12648011200.0
2022-02-07,4638.575,4672.654,4615.005,4634.09,4634.09,14484972000.0
2022-02-08,4626.437,4626.437,4522.471,4608.773,4608.773,15583070800.0
2022-02-09,4608.149,4659.461,4595.283,4652.061,4652.061,14833554700.0
2022-02-10,4657.211,4657.211,4608.091,4639.863,4639.863,15157666600.0
2022-02-11,4617.874,4662.596,4595.875,4601.395,4601.395,15597458400.0
2022-02-14,4579.42,4593.632,4530.057,4551.688,4551.688,14367389400.0
2022-02-15,4553.811,4601.453,4550.543,4600.103,4600.103,11502560000.0
2022-02-16,4619.846,4643.1,4607.218,4617.989,4617.989,10725895500.0
2022-02-17,4616.896,4650.159,4606.952,4629.165,4629.165,11001464300.0
2022-02-18,4604.567,4651.342,4598.1,4651.236,4651.236,10455022800.0
2022-02-21,4646.052,4646.672,4613.297,4634.314,4634.314,11251651200.0
2022-02-22,4601.918,4602.066,4550.804,4574.153,4574.153,12331723700.0
2022-02-23,4582.006,4625.298,4579.295,4623.047,4623.047,12295291600.0
2022-02-24,4592.069,4610.879,4488.476,4529.319,4529.319,18440305800.0
2022-02-25,4564.632,4611.86,4561.896,4573.425,4573.425,14972258300.0
2022-02-28,4563.743,4581.646,4530.676,4581.646,4581.646,13540697800.0
2022-03-01,4597.855,4623.431,4583.917,4619.686,4619.686,12313922000.0
2022-03-02,4594.017,4594.017,4558.442,4578.601,4578.601,11329832500.0
2022-03-03,4595.025,4599.397,4544.431,4551.628,4551.628,13828587700.0
2022-03-04,4513.364,4539.393,4481.493,4496.43,4496.43,12726680600.0
2022-03-07,4462.517,4462.517,4338.304,4352.778,4352.778,16219770600.0
2022-03-08,4361.642,4383.647,4252.539,4265.391,4265.391,16786327700.0
2022-03-09,4280.979,4304.482,4068.193,4226.346,4226.346,19423290000.0
2022-03-10,4326.204,4335.673,4288.508,4292.837,4292.837,14526638300.0
2022-03-11,4231.196,4316.044,4176.452,4306.522,4306.522,15239992100.0
2022-03-14,4248.153,4280.361,4174.758,4174.758,4174.758,13018723600.0
2022-03-15,4125.487,4163.418,3983.812,3983.812,3983.812,20252469900.0
2022-03-16,4053.099,4168.585,3942.861,4156.081,4156.081,19602198200.0
2022-03-17,4237.672,4302.743,4217.804,4237.696,4237.696,17940734400.0
2022-03-18,4218.474,4283.368,4194.94,4265.902,4265.902,14945830500.0
2022-03-21,4280.14,4287.817,4223.024,4258.746,4258.746,12703636000.0
2022-03-22,4252.566,4283.334,4236.689,4255.295,4255.295,12638247000.0
2022-03-23,4269.609,4287.577,4241.957,4276.517,4276.517,11708907800.0
2022-03-24,4249.533,4273.957,4216.851,4251.306,4251.306,10891827200.0
2022-03-25,4249.073,4254.845,4173.93,4174.574,4174.574,10880804600.0
2022-03-28,4128.838,4174.121,4091.298,4148.466,4148.466,11844902100.0
2022-03-29,4155.418,4177.213,4124.718,4134.144,4134.144,10026697200.0
2022-03-30,4162.167,4254.099,4160.735,4254.099,4254.099,13834602400.0
2022-03-31,4234.716,4247.36,4214.535,4222.597,4222.597,13402918500.0
2022-04-01,4198.819,4290.671,4190.084,4276.158,4276.158,13380305300.0
2022-04-06,4258.833,4277.524,4236.728,4263.841,4263.841,15906219500.0
2022-04-07,4240.024,4278.113,4205.743,4209.1,4209.1,13488035300.0
2022-04-08,4213.211,4237.813,4175.529,4230.767,4230.767,14284379300.0
2022-04-11,4203.79,4203.79,4089.093,4100.07,4100.07,14819707100.0
2022-04-12,4102.971,4179.973,4075.796,4179.973,4179.973,14428568400.0
2022-04-13,4154.412,4194.037,4139.737,4139.737,4139.737,12509748900.0
2022-04-14,4172.644,4217.061,4155.551,4191.568,4191.568,12479131600.0
2022-04-15,4162.372,4211.317,4152.974,4188.747,4188.747,12476226300.0
2022-04-18,4152.931,4171.743,4119.994,4166.384,4166.384,11750461000.0
2022-04-19,4161.933,4186.939,4115.418,4134.902,4134.902,11021747100.0
2022-04-20,4130.543,4136.166,4060.504,4070.789,4070.789,11733165800.0
2022-04-21,4048.734,4086.439,3978.367,3995.83,3995.83,13278382800.0
2022-04-22,3967.202,4037.084,3953.722,4013.25,4013.25,12210181100.0
2022-04-25,3933.446,3958.21,3814.913,3814.913,3814.913,16836450200.0
2022-04-26,3822.489,3871.85,3773.899,3784.12,3784.12,15757761100.0
2022-04-27,3758.084,3895.731,3757.086,3895.536,3895.536,17273404600.0
2022-04-28,3883.42,3943.435,3873.578,3921.107,3921.107,15305658600.0
2022-04-29,3939.624,4017.428,3898.57,4016.241,4016.241,17945837700.0
2022-05-05,3995.353,4039.7,3988.931,4010.21,4010.21,15417071600.0
2022-05-06,3928.855,3947.238,3902.051,3908.815,3908.815,12300555100.0
2022-05-09,3883.951,3914.112,3854.935,3877.436,3877.436,9293669400.0
2022-05-10,3820.628,3932.682,3808.57,3919.868,3919.868,13641691800.0
2022-05-11,3917.932,4033.303,3916.525,3976.423,3976.423,16563225600.0
2022-05-12,3949.949,3985.927,3935.589,3958.74,3958.74,11337606600.0
2022-05-13,3983.82,4003.854,3957.139,3988.6,3988.6,10996835700.0
2022-05-16,4014.996,4018.028,3947.746,3956.538,3956.538,11242529400.0
2022-05-17,3961.761,4005.893,3955.102,4005.893,4005.893,10966145400.0
2022-05-18,4015.013,4017.341,3964.75,3991.907,3991.907,10807423300.0
2022-05-19,3938.296,3999.598,3933.745,3999.598,3999.598,11629342000.0
2022-05-20,4020.816,4077.602,4020.816,4077.6,4077.6,14706917300.0
2022-05-23,4080.969,4080.969,4029.085,4053.982,4053.982,13047781000.0
2022-05-24,4052.868,4055.783,3959.154,3959.154,3959.154,14555433600.0
2022-05-25,3959.767,3983.624,3946.808,3983.178,3983.178,10773401500.0
2022-05-26,3987.682,4015.747,3938.239,3993.045,3993.045,12626368900.0
2022-05-27,4022.71,4051.143,3983.384,4001.299,4001.299,11276933700.0
2022-05-30,4020.858,4040.819,4003.377,4029.018,4029.018,11115224100.0
2022-05-31,4031.762,4096.197,4020.378,4091.518,4091.518,13541551300.0
2022-06-01,4086.618,4094.901,4058.847,4083.177,4083.177,11485087900.0
2022-06-02,4064.0,4091.152,4057.914,4089.568,4089.568,11389363800.0
2022-06-06,4090.529,4166.615,4063.906,4166.085,4166.085,16787101100.0
2022-06-07,4165.69,4198.086,4155.168,4179.129,4179.129,14299288100.0
2022-06-08,4187.148,4224.81,4158.033,4219.812,4219.812,15737405700.0
2022-06-09,4211.723,4227.448,4160.881,4175.675,4175.675,16844915400.0
2022-06-10,4145.651,4241.354,4140.22,4238.994,4238.994,18479621400.0
2022-06-13,4194.457,4218.233,4156.715,4189.353,4189.353,16847562200.0
2022-06-14,4143.223,4224.086,4102.929,4222.311,4222.311,17138590400.0
2022-06-15,4228.293,4348.423,4228.293,4278.218,4278.218,25704659000.0
2022-06-16,4282.083,4302.921,4241.075,4250.061,4250.061,18407441600.0
2022-06-17,4219.234,4318.766,4218.682,4309.044,4309.044,15864909800.0
2022-06-20,4322.832,4368.356,4297.891,4330.433,4330.433,16566638200.0
2022-06-21,4327.916,4357.34,4287.141,4325.566,4325.566,16466761500.0
2022-06-22,4331.902,4333.183,4269.246,4270.623,4270.623,15856585400.0
2022-06-23,4277.956,4343.878,4260.9,4343.878,4343.878,17088236000.0
2022-06-24,4354.553,4400.685,4346.122,4394.772,4394.772,16897219900.0
2022-06-27,4414.332,4472.695,4414.332,4444.264,4444.264,17738567600.0
2022-06-28,4442.581,4497.895,4407.352,4490.517,4490.517,17475648900.0
2022-06-29,4472.735,4503.131,4413.996,4421.357,4421.357,18727668800.0
2022-06-30,4418.066,4514.997,4418.066,4485.011,4485.011,15666628900.0
2022-07-01,4489.52,4500.985,4449.291,4466.718,4466.718,14477959900.0
2022-07-04,4447.216,4496.034,4427.823,4496.03,4496.03,14634565100.0
2022-07-05,4505.457,4530.325,4439.451,4489.538,4489.538,15496241500.0
2022-07-06,4475.482,4484.362,4393.417,4423.97,4423.97,14980023500.0
2022-07-07,4425.281,4457.343,4391.194,4443.474,4443.474,13266090600.0
2022-07-08,4468.063,4479.494,4426.886,4428.781,4428.781,12319573900.0
2022-07-11,4406.148,4406.148,4330.582,4354.617,4354.617,13444857800.0
2022-07-12,4352.646,4370.341,4296.622,4313.618,4313.618,13018783800.0
2022-07-13,4313.359,4341.466,4284.942,4321.462,4321.462,13111317900.0
2022-07-14,4308.823,4352.098,4292.76,4322.074,4322.074,14525092600.0
2022-07-15,4299.471,4344.857,4248.527,4248.527,4248.527,15021445300.0
2022-07-18,4262.154,4300.778,4217.506,4292.586,4292.586,12260119200.0
2022-07-19,4288.444,4288.444,4238.824,4269.34,4269.34,10380573000.0
2022-07-20,4291.281,4303.367,4269.972,4283.803,4283.803,9449014400.0
2022-07-21,4270.362,4283.147,4236.05,4236.058,4236.058,11715634400.0
2022-07-22,4251.787,4275.47,4207.314,4238.234,4238.234,10384062400.0
2022-07-25,4233.928,4234.845,4201.919,4212.644,4212.644,8363666400.0
2022-07-26,4220.091,4259.985,4214.534,4245.976,4245.976,8582327400.0
2022-07-27,4236.154,4242.095,4217.281,4225.036,4225.036,7890494000.0
2022-07-28,4242.274,4267.918,4223.029,4225.673,4225.673,10753193000.0
2022-07-29,4226.425,4243.514,4160.874,4170.102,4170.102,11417928600.0
2022-08-01,4160.648,4196.574,4129.453,4188.678,4188.678,10774902900.0
2022-08-02,4144.377,4144.377,4071.431,4107.024,4107.024,14222442500.0
2022-08-03,4114.825,4150.98,4058.179,4066.975,4066.975,11666612400.0
2022-08-04,4089.442,4108.159,4064.659,4101.537,4101.537,8953264400.0
2022-08-05,4109.629,4159.485,4097.863,4156.911,4156.911,10257100400.0
2022-08-08,4142.111,4155.73,4135.081,4148.075,4148.075,9020813800.0
2022-08-09,4143.666,4161.809,4131.425,4156.291,4156.291,8413695900.0
2022-08-10,4149.207,4160.787,4092.546,4109.737,4109.737,8556583900.0
2022-08-11,4130.741,4193.812,4116.056,4193.543,4193.543,12138505100.0
2022-08-12,4185.42,4202.466,4175.05,4191.152,4191.152,10680829500.0
2022-08-15,4180.001,4219.918,4174.3,4185.679,4185.679,10589849500.0
2022-08-16,4190.527,4208.801,4170.52,4177.837,4177.837,9390613900.0
2022-08-17,4182.567,4222.787,4155.173,4216.959,4216.959,11286465900.0
2022-08-18,4205.785,4211.914,4173.541,4180.1,4180.1,10105265000.0
2022-08-19,4174.546,4185.658,4151.074,4151.074,4151.074,11740297800.0
2022-08-22,4135.162,4183.65,4134.201,4181.397,4181.397,11244272000.0
2022-08-23,4175.531,4187.388,4147.413,4161.082,4161.082,10315351200.0
2022-08-24,4168.576,4174.157,4079.093,4082.42,4082.42,11906967900.0
2022-08-25,4093.295,4119.62,4058.745,4116.24,4116.24,11132074500.0
2022-08-26,4127.814,4139.788,4102.682,4107.546,4107.546,9900049300.0
2022-08-29,4063.883,4092.947,4059.596,4089.521,4089.521,9435443200.0
2022-08-30,4088.526,4093.136,4048.524,4075.794,4075.794,9330166200.0
2022-08-31,4057.144,4112.849,4046.623,4078.84,4078.84,13244976500.0
2022-09-01,4066.187,4090.885,4041.128,4043.74,4043.74,9738707100.0
2022-09-02,4054.842,4056.181,4004.911,4023.613,4023.613,8678927800.0
2022-09-05,4010.405,4016.999,3982.74,4015.426,4015.426,9376710900.0
2022-09-06,4024.473,4054.004,4009.583,4052.28,4052.28,11350626500.0
2022-09-07,4032.723,4067.544,4028.374,4054.983,4054.983,10767805900.0
2022-09-08,4059.169,4067.758,4036.023,4037.684,4037.684,10088604900.0
2022-09-09,4050.585,4099.008,4042.25,4093.787,4093.787,11842711400.0
2022-09-13,4112.012,4128.111,4097.141,4111.115,4111.115,11178973700.0
2022-09-14,4058.044,4089.058,4047.919,4065.359,4065.359,9079368100.0
2022-09-15,4078.65,4088.808,3998.856,4027.119,4027.119,12395119600.0
2022-09-16,4013.583,4019.41,3932.683,3932.683,3932.683,13719365500.0
2022-09-19,3928.424,3953.649,3910.311,3928.0,3928.0,9771957500.0
2022-09-20,3945.647,3957.554,3921.688,3932.836,3932.836,8482413400.0
2022-09-21,3921.318,3924.391,3884.227,3903.735,3903.735,8645839100.0
2022-09-22,3875.177,3900.274,3860.231,3869.344,3869.344,8094691900.0
2022-09-23,3865.105,3888.396,3829.691,3856.021,3856.021,9434246200.0
2022-09-26,3829.596,3893.319,3827.95,3836.677,3836.677,10452603100.0
2022-09-27,3844.069,3893.028,3827.927,3892.295,3892.295,8886016000.0
2022-09-28,3879.44,3879.44,3828.055,3828.71,3828.71,8659221300.0
2022-09-29,3864.316,3873.182,3808.65,3827.143,3827.143,8565414200.0
2022-09-30,3833.35,3848.602,3801.28,3804.885,3804.885,7855996600.0
2022-10-10,3806.56,3807.457,3715.714,3720.937,3720.937,10264759500.0
2022-10-11,3732.019,3739.808,3706.063,3727.687,3727.687,8394462500.0
2022-10-12,3722.866,3784.306,3661.526,3784.306,3784.306,10808931900.0
2022-10-13,3756.418,3783.596,3749.639,3752.673,3752.673,9901891500.0
2022-10-14,3783.316,3863.227,3780.842,3842.47,3842.47,11624229300.0
2022-10-17,3822.243,3849.621,3809.12,3846.412,3846.412,10419201900.0
2022-10-18,3865.826,3870.216,3831.172,3838.267,3838.267,8834690700.0
2022-10-19,3827.466,3840.487,3776.534,3776.534,3776.534,8157484400.0
2022-10-20,3746.579,3804.247,3726.793,3754.927,3754.927,9029089500.0
2022-10-21,3753.89,3768.69,3724.69,3742.893,3742.893,9875003800.0
2022-10-24,3727.915,3762.158,3619.988,3633.373,3633.373,13005686400.0
2022-10-25,3621.936,3670.733,3594.701,3627.454,3627.454,11095388200.0
2022-10-26,3633.311,3700.88,3633.311,3656.903,3656.903,12130154800.0
2022-10-27,3667.665,3685.084,3631.064,3631.145,3631.145,11799867500.0
2022-10-28,3605.16,3618.864,3533.499,3541.33,3541.33,11877216200.0
2022-10-31,3504.507,3553.387,3495.951,3508.703,3508.703,13846565500.0
2022-11-01,3519.817,3634.173,3517.621,3634.173,3634.173,14928669800.0
2022-11-02,3620.369,3703.465,3610.803,3677.805,3677.805,14159291900.0
2022-11-03,3645.06,3670.157,3628.499,3647.897,3647.897,11056603500.0
2022-11-04,3646.771,3782.882,3646.771,3767.175,3767.175,14973494900.0
2022-11-07,3754.523,3792.794,3746.372,3775.297,3775.297,12982637100.0
2022-11-08,3773.661,3779.116,3723.342,3749.325,3749.325,9901645100.0
2022-11-09,3750.782,3760.407,3711.268,3714.27,3714.27,8943452500.0
2022-11-10,3685.827,3701.531,3665.059,3685.689,3685.689,10350930200.0
2022-11-11,3787.757,3828.9,3747.09,3788.439,3788.439,18968558600.0
2022-11-14,3818.145,3848.412,3781.778,3794.017,3794.017,16966504800.0
2022-11-15,3788.926,3871.642,3775.499,3865.973,3865.973,15151565000.0
2022-11-16,3860.811,3877.678,3829.313,3834.39,3834.39,12061096400.0
2022-11-17,3821.271,3821.742,3776.574,3818.664,3818.664,10594063200.0
2022-11-18,3823.821,3840.302,3801.569,3801.569,3801.569,11507877700.0
2022-11-21,3769.627,3769.873,3733.995,3769.127,3769.127,9586696600.0
2022-11-22,3766.082,3809.858,3751.045,3769.573,3769.573,14448633400.0
2022-11-23,3760.216,3791.178,3753.214,3773.529,3773.529,14452791100.0
2022-11-24,3791.54,3804.899,3751.382,3756.808,3756.808,10107344700.0
2022-11-25,3751.282,3790.566,3743.414,3775.776,3775.776,14292971100.0
2022-11-28,3701.902,3736.081,3672.131,3733.242,3733.242,12782574800.0
2022-11-29,3766.57,3854.774,3766.57,3848.422,3848.422,17870139200.0
2022-11-30,3836.56,3867.659,3833.827,3853.037,3853.037,15751140000.0
2022-12-01,3921.295,3944.565,3893.872,3894.769,3894.769,16996458500.0
2022-12-02,3886.403,3898.115,3865.884,3870.948,3870.948,11678635000.0
2022-12-05,3907.638,3947.476,3900.674,3946.876,3946.876,20174722100.0
2022-12-06,3929.006,3988.901,3922.997,3968.198,3968.198,15510832300.0
2022-12-07,3956.672,3999.586,3944.183,3958.441,3958.441,14300135600.0
2022-12-08,3953.199,3971.493,3941.297,3959.18,3959.18,11519998600.0
2022-12-09,3961.992,4003.318,3944.44,3998.244,3998.244,15377495400.0
2022-12-12,3976.172,3983.433,3950.32,3953.443,3953.443,12593536800.0
2022-12-13,3953.548,3964.396,3939.98,3945.681,3945.681,10099410000.0
2022-12-14,3952.789,3972.738,3935.767,3954.886,3954.886,9852800600.0
2022-12-15,3954.672,3963.5,3926.5,3951.989,3951.989,8886472500.0
2022-12-16,3931.232,3960.471,3929.487,3954.227,3954.227,9317856700.0
2022-12-19,3952.771,3966.568,3878.437,3893.221,3893.221,10691907500.0
2022-12-20,3881.226,3881.273,3811.476,3829.017,3829.017,8309682200.0
2022-12-21,3839.001,3853.727,3821.404,3830.538,3830.538,6483921500.0
2022-12-22,3859.204,3882.126,3821.342,3836.028,3836.028,8370517300.0
2022-12-23,3811.616,3848.344,3805.949,3828.219,3828.219,6527814800.0
2022-12-26,3830.568,3856.807,3827.519,3843.489,3843.489,7300571200.0
2022-12-27,3860.905,3891.85,3856.58,3887.854,3887.854,7751535000.0
2022-12-28,3874.913,3884.721,3854.941,3871.264,3871.264,8442465600.0
2022-12-29,3854.236,3868.293,3838.48,3856.701,3856.701,7939481500.0
2022-12-30,3873.936,3887.553,3868.757,3871.634,3871.634,7877327200.0
2023-01-03,3864.836,3893.99,3831.245,3887.899,3887.899,11505187500.0
2023-01-04,3886.25,3905.903,3873.655,3892.948,3892.948,11066074300.0
2023-01-05,3913.493,3974.875,3912.26,3968.578,3968.578,11650239500.0
2023-01-06,3969.549,4000.414,3966.47,3980.889,3980.889,11095303800.0
2023-01-09,3998.528,4023.09,3990.707,4013.12,4013.12,11705442500.0
2023-01-10,4014.713,4030.457,4002.23,4017.474,4017.474,10175114100.0
2023-01-11,4019.884,4043.399,4008.015,4010.031,4010.031,9999788900.0
2023-01-12,4021.755,4030.288,4003.508,4017.869,4017.869,9055262700.0
2023-01-13,4032.291,4074.377,4027.886,4074.377,4074.377,9587189600.0
2023-01-16,4077.879,4177.104,4076.639,4137.964,4137.964,15139545500.0
2023-01-17,4138.843,4148.584,4118.157,4137.242,4137.242,9547904000.0
2023-01-18,4140.102,4151.458,4125.769,4130.314,4130.314,8420064500.0
2023-01-19,4125.577,4156.008,4105.98,4156.008,4156.008,9460839800.0
2023-01-20,4166.844,4189.831,4161.67,4181.527,4181.527,12355380900.0
2023-01-30,4267.625,4268.152,4197.86,4201.345,4201.345,16460706400.0
2023-01-31,4200.581,4212.735,4153.048,4156.858,4156.858,12455083500.0
2023-02-01,4170.132,4195.933,4137.766,4195.933,4195.933,14100895400.0
2023-02-02,4207.412,4207.412,4170.557,4181.149,4181.149,13382373600.0
2023-02-03,4162.026,4162.026,4103.165,4141.632,4141.632,11704122100.0
2023-02-06,4103.831,4105.945,4065.222,4086.878,4086.878,11019271700.0
2023-02-07,4098.312,4107.344,4077.962,4094.234,4094.234,9136007200.0
2023-02-08,4099.857,4111.475,4072.647,4076.141,4076.141,8478609900.0
2023-02-09,4067.563,4130.857,4064.749,4130.857,4130.857,10228996100.0
2023-02-10,4124.099,4125.289,4092.347,4106.31,4106.31,9671673300.0
2023-02-13,4098.88,4146.45,4092.273,4143.574,4143.574,12889257700.0
2023-02-14,4151.247,4152.049,4125.258,4145.29,4145.29,10249989000.0
2023-02-15,4146.855,4153.716,4115.967,4123.689,4123.689,12166450800.0
2023-02-16,4125.409,4167.9,4068.859,4093.488,4093.488,15931058500.0
2023-02-17,4086.224,4104.64,4032.929,4034.507,4034.507,11614258900.0
2023-02-20,4039.962,4134.862,4035.476,4133.49,4133.49,16179448100.0
2023-02-21,4130.063,4151.799,4116.272,4144.354,4144.354,14577617300.0
2023-02-22,4118.967,4134.876,4101.86,4106.951,4106.951,10429029500.0
2023-02-23,4106.214,4132.39,4088.207,4103.646,4103.646,10356490600.0
2023-02-24,4100.99,4102.609,4048.237,4061.046,4061.046,10098942500.0
2023-02-27,4040.457,4067.03,4034.524,4043.844,4043.844,9378763000.0
2023-02-28,4058.13,4074.264,4026.448,4069.459,4069.459,11032359100.0
2023-03-01,4068.733,4135.481,4061.217,4126.942,4126.942,15601579400.0
2023-03-02,4119.992,4137.253,4113.826,4117.738,4117.738,14821763700.0
2023-03-03,4126.018,4135.212,4100.383,4130.551,4130.551,16033174100.0
2023-03-06,4131.153,4132.837,4088.448,4109.01,4109.01,16297180700.0
2023-03-07,4103.642,4124.961,4046.568,4048.852,4048.852,19591206800.0
2023-03-08,4030.739,4037.287,4011.523,4034.108,4034.108,11793649300.0
2023-03-09,4035.843,4043.849,4000.89,4019.851,4019.851,11653962900.0
2023-03-10,3991.796,4004.361,3966.428,3967.135,3967.135,12385540900.0
2023-03-13,3962.643,4008.686,3962.643,4008.686,4008.686,14356137000.0
2023-03-14,3999.88,4001.942,3946.941,3984.696,3984.696,15054417400.0
2023-03-15,4011.844,4018.75,3986.902,3986.902,3986.902,14202600700.0
2023-03-16,3958.196,3981.321,3936.476,3939.151,3939.151,15251564400.0
2023-03-17,3971.159,4004.215,3945.25,3958.819,3958.819,17743381800.0
2023-03-20,3962.663,3979.549,3935.016,3939.077,3939.077,20526497000.0
2023-03-21,3948.157,3982.705,3948.157,3982.378,3982.378,14509067900.0
2023-03-22,3993.785,4016.45,3986.709,3999.443,3999.443,14922897000.0
2023-03-23,3985.993,4039.09,3983.999,4039.09,4039.09,15888742100.0
2023-03-24,4035.156,4037.842,4017.003,4027.046,4027.046,15944233000.0
2023-03-27,4023.303,4023.303,3987.03,4012.477,4012.477,16848227900.0
2023-03-28,4015.697,4023.783,3994.6,3999.515,3999.515,13189511700.0
2023-03-29,4013.593,4017.757,3992.666,4006.144,4006.144,13374351000.0
2023-03-30,4009.557,4040.502,3983.896,4038.526,4038.526,14990103700.0
2023-03-31,4045.454,4063.568,4039.959,4050.926,4050.926,13884254600.0
2023-04-03,4059.623,4094.938,4059.061,4090.568,4090.568,18212431300.0
2023-04-04,4089.293,4103.158,4080.068,4103.105,4103.105,19714663100.0
2023-04-06,4084.132,4098.833,4078.405,4096.64,4096.64,15070337400.0
2023-04-07,4096.901,4131.313,4092.185,4123.28,4123.28,12867673800.0
2023-04-10,4132.01,4132.295,4099.052,4104.812,4104.812,15245300200.0
2023-04-11,4108.506,4116.125,4083.495,4100.148,4100.148,15390133300.0
2023-04-12,4102.397,4108.245,4090.278,4097.288,4097.288,16596527800.0
2023-04-13,4081.387,4088.881,4059.574,4068.979,4068.979,15644429500.0
2023-04-14,4078.97,4098.215,4075.205,4091.999,4091.999,15069568200.0
2023-04-17,4090.072,4149.384,4089.509,4149.384,4149.384,18877309500.0
2023-04-18,4139.309,4169.668,4138.462,4162.032,4162.032,17018413000.0
2023-04-19,4159.394,4159.394,4118.626,4124.559,4124.559,16255459200.0
2023-04-20,4122.946,4125.823,4094.002,4113.019,4113.019,16270667700.0
2023-04-21,4114.264,4114.264,4031.912,4032.567,4032.567,18080243500.0
2023-04-24,4031.303,4033.637,3967.907,3982.643,3982.643,17009921700.0
2023-04-25,3985.106,3991.687,3925.436,3962.666,3962.666,17255540900.0
2023-04-26,3950.255,3975.656,3934.663,3959.232,3959.232,16270200600.0
2023-04-27,3948.031,3999.13,3942.815,3988.419,3988.419,15382819500.0
2023-04-28,3993.256,4030.447,3993.256,4029.086,4029.086,17950848800.0
2023-05-04,4013.471,4035.783,4001.126,4030.247,4030.247,22758284600.0
2023-05-05,4031.095,4047.602,3998.392,4016.877,4016.877,20662692400.0
2023-05-08,4028.106,4070.772,4018.961,4062.662,4062.662,25558308500.0
2023-05-09,4065.439,4092.85,4026.389,4027.875,4027.875,27930604800.0
2023-05-10,4017.936,4019.059,3984.629,3996.87,3996.87,20755270900.0
2023-05-11,4005.782,4018.058,3988.482,3990.664,3990.664,14480461900.0
2023-05-12,3987.769,3999.383,3937.527,3937.762,3937.762,14442172800.0
2023-05-15,3938.83,3998.887,3923.032,3998.887,3998.887,17625736200.0
2023-05-16,4002.524,4005.015,3966.992,3978.205,3978.205,13683327100.0
2023-05-17,3971.702,3982.604,3945.714,3960.165,3960.165,11844818500.0
2023-05-18,3965.516,3982.718,3939.553,3956.07,3956.07,13653394700.0
2023-05-19,3946.222,3967.282,3928.316,3944.54,3944.54,12021247900.0
2023-05-22,3941.002,3985.403,3935.802,3969.328,3969.328,10911660500.0
2023-05-23,3968.235,3971.939,3913.188,3913.188,3913.188,11868507700.0
2023-05-24,3903.782,3903.782,3859.094,3859.094,3859.094,13725826500.0
2023-05-25,3851.405,3861.382,3817.837,3850.5,3850.5,12415077000.0
2023-05-26,3848.417,3859.629,3815.57,3850.951,3850.951,10032643900.0
2023-05-29,3862.084,3866.724,3819.182,3833.942,3833.942,13185996700.0
2023-05-30,3827.792,3844.005,3789.274,3837.753,3837.753,13761962900.0
2023-05-31,3827.163,3827.163,3781.403,3798.543,3798.543,12638736800.0
2023-06-01,3788.59,3832.205,3786.734,3806.868,3806.868,13456188100.0
2023-06-02,3821.62,3865.284,3821.62,3861.834,3861.834,12501511000.0
2023-06-05,3860.556,3860.556,3832.458,3844.249,3844.249,11616398900.0
2023-06-06,3840.459,3867.845,3802.845,3808.163,3808.163,12578125800.0
2023-06-07,3815.482,3823.112,3780.102,3789.342,3789.342,9886243200.0
2023-06-08,3791.083,3834.389,3777.775,3820.187,3820.187,11870093400.0
2023-06-09,3822.409,3836.703,3811.219,3836.703,3836.703,13431986300.0
2023-06-12,3827.325,3859.716,3813.858,3844.432,3844.432,12675854300.0
2023-06-13,3838.129,3867.303,3833.46,3864.907,3864.907,11092494600.0
2023-06-14,3872.716,3891.666,3862.061,3864.025,3864.025,12495575900.0
2023-06-15,3871.775,3925.499,3871.775,3925.499,3925.499,12836993800.0
2023-06-16,3932.211,3968.013,3928.542,3963.351,3963.351,13976007600.0
2023-06-19,3957.033,3957.033,3922.474,3930.908,3930.908,13490584800.0
2023-06-20,3926.094,3937.495,3918.473,3924.238,3924.238,12252031800.0
2023-06-21,3909.104,3920.128,3864.032,3864.032,3864.032,11834657500.0
2023-06-26,3833.444,3841.286,3801.054,3809.696,3809.696,13399041900.0
2023-06-27,3811.687,3851.896,3806.324,3845.433,3845.433,11699268100.0
2023-06-28,3836.609,3846.852,3808.161,3840.799,3840.799,10702154100.0
2023-06-29,3836.731,3840.713,3817.376,3821.844,3821.844,9828927400.0
2023-06-30,3816.335,3860.031,3813.552,3842.452,3842.452,10126842900.0
2023-07-03,3853.292,3897.327,3853.292,3892.882,3892.882,13315805100.0
2023-07-04,3888.033,3899.976,3878.398,3899.013,3899.013,10949452700.0
2023-07-05,3895.195,3899.519,3864.13,3868.805,3868.805,9763638400.0
2023-07-06,3857.03,3876.89,3836.457,3842.755,3842.755,10012184200.0
2023-07-07,3831.596,3844.844,3819.077,3825.699,3825.699,10090692000.0
2023-07-10,3841.559,3865.457,3831.92,3844.327,3844.327,9203344100.0
2023-07-11,3853.796,3870.655,3844.524,3869.486,3869.486,8651071600.0
2023-07-12,3864.601,3874.04,3838.563,3843.437,3843.437,11152202400.0
2023-07-13,3855.662,3901.102,3855.662,3898.423,3898.423,12030023200.0
2023-07-14,3904.603,3908.487,3893.786,3899.103,3899.103,12236484600.0
2023-07-17,3881.623,3881.623,3852.263,3867.175,3867.175,9834014400.0
2023-07-18,3871.044,3871.044,3844.513,3854.939,3854.939,9143861500.0
2023-07-19,3848.483,3860.009,3830.407,3850.866,3850.866,7958570000.0
2023-07-20,3857.773,3875.624,3818.713,3823.695,3823.695,9204207600.0
2023-07-21,3816.984,3849.511,3808.803,3821.91,3821.91,7950756300.0
2023-07-24,3803.349,3828.785,3798.805,3805.221,3805.221,7548354500.0
2023-07-25,3866.645,3915.815,3866.645,3915.115,3915.115,16306632000.0
2023-07-26,3908.174,3912.983,3893.399,3907.013,3907.013,10788171700.0
2023-07-27,3914.23,3935.358,3894.692,3902.346,3902.346,11066710900.0
2023-07-28,3889.793,4000.919,3886.554,3992.738,3992.738,17973548100.0
2023-07-31,4018.89,4064.362,4002.078,4014.63,4014.63,19960683000.0
